product,brand,category,seller,regular_price,special_price,has_cmr_discount
CELULAR GALAXY A57 5G,SAMSUNG,phones,FALABELLA,1999.0,1799.0,1
CELULAR GALAXY A37 5G,SAMSUNG,phones,FALABELLA,1799.0,1449.0,0
H600SMART 6+256GB SILVR+X7LITE,HONOR,phones,FALABELLA,1899.0,1499.0,0
MOTO G MAX 8+256 GRIS,MOTOROLA,phones,FALABELLA,1599.0,1199.0,1
IPHONE 16E 128GB,APPLE,phones,FALABELLA,4099.0,2299.0,1
IPHONE 17 PRO MAX 256GB,APPLE,phones,FALABELLA,6599.0,6299.0,1
CELULAR GALAXY S26 ULTRA 512GB,SAMSUNG,phones,FALABELLA,6899.0,5699.0,0
CELULAR GALAXY S24 FE 128GB GRAPHITE,SAMSUNG,phones,FALABELLA,2599.0,1999.0,1
IPHONE 17 PRO 256GB,APPLE,phones,FALABELLA,5999.0,5699.0,1
CELULAR GALAXY S24 FE 128GB GRAPHITE,SAMSUNG,phones,FALABELLA,2599.0,1999.0,1
CELULAR GALAXY A16 128GB BLACK,SAMSUNG,phones,FALABELLA,699.0,599.0,1
IPHONE 17 256GB,APPLE,phones,FALABELLA,4399.0,4199.0,1
IPHONE 17 PRO 256GB,APPLE,phones,FALABELLA,5999.0,5699.0,1
"G15 256GBROM 12GB RAM/ 4GB +8GB EXT/50MP AI/ 6.7"" G/ 5200 MAH + FUJITA JAPAN BUDS",MOTOROLA,phones,TU DISTI,1099.0,609.0,1
CELULAR GALAXY A57 5G,SAMSUNG,phones,FALABELLA,1999.0,1799.0,1
IPHONE 15 128GB,APPLE,phones,FALABELLA,4999.0,3099.0,0
CELULAR GALAXY A37 5G,SAMSUNG,phones,FALABELLA,1799.0,1449.0,0
IPHONE 16 128GB,APPLE,phones,FALABELLA,,4799.0,0
CELULAR G77 8GB + 256GB,MOTOROLA,phones,FALABELLA,999.0,849.0,0
CELULAR MAGIC 8 LITE 8GB + 512GB,HONOR,phones,FALABELLA,2099.0,1599.0,0
MOTO G17 4+128,MOTOROLA,phones,FALABELLA,649.0,439.0,0
CELULAR EDGE 70 PRO 12GB + 512GB,MOTOROLA,phones,FALABELLA,2899.0,2049.0,0
CELULAR GALAXY S26 ULTRA 512GB,SAMSUNG,phones,FALABELLA,6899.0,5699.0,0
IPHONE 17 256GB ESIM + REGALO,APPLE,phones,FOX MÓVILES SAC,5899.0,3549.0,0
IPHONE 15 128GB REACONDICIONADO (ESIM) A2846,APPLE,phones,CONEXIONES RENOVADAS USA PE,3999.0,1949.0,1
EDGE 70 FUSION 8+256,MOTOROLA,phones,FALABELLA,1599.0,1399.0,0
CELULAR GALAXY A16 128GB NEGRO.,SAMSUNG,phones,TECHNOWORLD.,1099.0,539.0,1
IPHONE 17 PRO MAX 256GB ESIM + REGALO.,APPLE,phones,FOX MÓVILES SAC,7399.0,5079.0,0
"G15 256GBROM 12GB RAM/ 4GB +8GB EXT/50MP AI/ 6.7"" G/ 5200 MAH + FUJITA JAPAN BUDS",MOTOROLA,phones,TU DISTI,1099.0,609.0,1
GALAXY S23 ULTRA 512GB NEGRO SM-S918U.,SAMSUNG,phones,TAMIA DIGITAL STORE PE,3399.0,2549.0,0
IPHONE 15 PRO MAX 256GB NATURAL TITANIO REACONDICIONADO A2849,APPLE,phones,ELECTRONIC DEALS PE,3399.0,2999.0,0
NUEVO IPHONE 17 (ESIM) 256GB + REGALO.,APPLE,phones,IO STORE,4499.0,3499.0,1
CELULAR MOTO G06 4GB + 128GB,MOTOROLA,phones,FALABELLA,599.0,419.0,0
GALAXY S26 ULTRA 256GB 12GB RAM + REGALOS.,SAMSUNG,phones,FOX MÓVILES SAC,6099.0,3839.0,0
CELULAR REDMI NOTE 15 PRO 8GB 256GB NEGRO,XIAOMI,phones,TOTTUS,1299.0,1229.0,0
GALAXY S26 FE 128 GB BLACK,SAMSUNG,phones,FALABELLA,3399.0,2899.0,1
NUBIA FOCUS 2 8GB+ 256GB C,ZTE,phones,FALABELLA,999.0,649.0,0
CELULAR MOTO G77 8GB 256GB NEGRO,MOTOROLA,phones,TOTTUS,999.0,879.0,1
S26 ULTRA 512GB - NEGRO + AUDIFONOS + CARGADOR.,SAMSUNG,phones,USATEC IMPORT,6999.0,4329.0,0
IPHONE 16 PRO MAX 256GB CHIP FISICO DESERT + REGALO,APPLE,phones,FOX MÓVILES SAC,8999.0,4789.0,0
POCO F9 ULTRA 512 GB NEGRO + REDMI BUDS 8 PRO+POWER BANK,XIAOMI,phones,XIAOMI TIENDA OFICIAL,,4299.0,0
GALAXY S24 ULTRA 256GB DUAL SIM TITANIO VIOLETA SM-928U,SAMSUNG,phones,ZOOMBIGDEAL PE,3999.0,2899.0,0
POCO F9 ULTRA 512 GB NEGRO + REDMI BUDS 8 PRO+POWER BANK,XIAOMI,phones,XIAOMI TIENDA OFICIAL,,4299.0,0
GALAXY A57 5G 256GB 8GB AWESOME NAVY,SAMSUNG,phones,TELCEL PERU MOVILES,2099.0,1649.0,0
EDGE 60 FUSIÓN 8GB 256GB AZUL,MOTOROLA,phones,LEDA TECH,1500.0,1039.0,0
HONOR600 PRO 12+512GB DORADO,HONOR,phones,FALABELLA,3599.0,3499.0,0
IPHONE 13 PRO MAX 128GB REACONDICIONADO,APPLE,phones,ELECTRONIC DEALS PE,2499.0,1899.0,0
REDMI 17 256GB NEGRO,XIAOMI,phones,FALABELLA,949.0,849.0,0
600 5G 8RAM 256GB + WATCH 2I - EQUIPO REGISTRADO,HONOR,phones,MARKETCELLPERU,2899.0,1899.0,0
GALAXY S26 ULTRA 512GB -12GB RAM - COBALT VIOLET.,SAMSUNG,phones,MIAMI IMPORT,6299.0,4249.0,1
CELULAR 17T 12GB 512GB + TAG,XIAOMI,phones,FALABELLA,2799.0,2699.0,0
POCO X8 PRO MAX NEGRO 12 GB + 512 GB.,XIAOMI,phones,XIAOMI TIENDA OFICIAL,2499.0,2299.0,1
IPHONE 16 INTELLIGENCE 128GB - VERDE AZULADO + CARGADOR + CASE,APPLE,phones,MIAMI IMPORT,4899.0,3049.0,1
BLADE V60 SMART 4+256GB - NEGRO,ZTE,phones,SANY DISTRIBUIDOR AUTORIZADO,459.0,449.0,0
IPHONE 17 PRO MAX 256GB (ESIM) - DEEP BLUE,APPLE,phones,MIAMI IMPORT,7999.0,4999.0,1
S25 ULTRA 256GB + PACK ACCESORIOS.,SAMSUNG,phones,USATEC IMPORT,5999.0,3229.0,0
POCO M8 5G VERDE 8GB + 256GB.,XIAOMI,phones,XIAOMI TIENDA OFICIAL,1099.0,999.0,0
GALAXY S23 128GB BLANCO SM-S911U.,SAMSUNG,phones,TAMIA DIGITAL STORE PE,2499.0,1539.0,0
HONOR600 PRO 12+512GB NEGRO,HONOR,phones,FALABELLA,3599.0,3499.0,0
IPHONE 17 256GB (ESIM) - BLANCO,APPLE,phones,MARKETCELLPERU,5999.0,3399.0,1
EDGE 60 FUSIÓN 8GB 256GB AZUL + JBL FLIP 7,MOTOROLA,phones,LEDA TECH,1500.0,1389.0,0
IPHONE 14 PRO MAX 128GB NEGRO REACONDICIONADO A2651,APPLE,phones,CONEXIONES RENOVADAS USA PE,3699.0,2299.0,0
POCO F9 PRO 512 GB VERDE AURORA + REDMI BUDS 8 PRO+POWER BANK.,XIAOMI,phones,XIAOMI TIENDA OFICIAL,,3599.0,0
GALAXY S24 ULTRA 256GB DUAL SIM TITANIUM NEGRO（SM-928U）,SAMSUNG,phones,ZOOMBIGDEAL PE,3999.0,2899.0,0
IPHONE 17 256GB (ESIM) - VERDE.,APPLE,phones,MARKETCELLPERU,5999.0,3399.0,1
CELULAR GALAXY A57 5G 8GB 256GB VIOLETA,SAMSUNG,phones,TOTTUS,2249.0,1799.0,1
IPHONE 17 256GB (ESIM) + COMBO DE REGALO,APPLE,phones,BAKO,4899.0,3699.0,0
CELULAR IPHONE 13 NEGRO 128 GB REACONDICIONADO,APPLE,phones,REUSE PERU,1849.0,1319.0,0
IPHONE 17 PRO MAX INTELLIGENCE 1TB (ESIM) - SILVER + REGALO,APPLE,phones,OH SHOP,10999.0,6899.0,1
IPHONE 17 PRO MAX INTELLIGENCE 1TB (ESIM) - SILVER + REGALO,APPLE,phones,OH SHOP,10999.0,6849.0,1
CELULAR IPHONE 17 256GB (ESIM) CHIP VIRTUAL - BLANCO.,APPLE,phones,MARKETCELLPERU,5999.0,3399.0,0
IPHONE 17 PRO (ESIM) + REGALO,APPLE,phones,BAKO,5999.0,4999.0,0
600E 8GB+512GB VELVET GR,HONOR,phones,FALABELLA,2499.0,1799.0,0
REDMI NOTE 15 PRO PLUS 5G 512GB 12GB RAM NEGRO REGISTRADO,XIAOMI,phones,MARKETCELLPERU,2100.0,1649.0,0
CELULAR GALAXY A16 4+128GB,SAMSUNG,phones,INTX STORE,,529.0,0
MOTO EDGE 60 FUSIÓN 8GB 256GB AZUL,MOTOROLA,phones,INFINITY SHOP,1500.0,1039.0,0
IPHONE 17 PRO 256GB - SILVER - ESIM ( CHIP VIRTUAL),APPLE,phones,MARKETCELLPERU,8999.0,4579.0,0
17T PRO 512GB 12GB VIOLETA,XIAOMI,phones,MOVILES TELCEL,3529.0,2999.0,0
CELULAR POCO F9 ULTRA 16GB+512GB SNAPDRAGON 8 ELITE GEN 5 SOUND BY BOSE 26077PC53G,XIAOMI,phones,TENTENGER GT SHOP PE,4099.0,3709.0,1
CELULAR 15T 5G 12GB RAM 512GB ROM COLOR NEGRO,XIAOMI,phones,RODALEXIA,2499.0,1999.0,0
IPHONE 17 PRO MAX ESIM 512GB + COMBO DE REGALO,APPLE,phones,IO STORE,7999.0,5929.0,0
IPHONE 17 256GB CHIP FISICO + REGALO.,APPLE,phones,FOX MÓVILES SAC,4999.0,3549.0,0
CELULAR 600 SMART 6+256GB PURPLE+EARBUDS,HONOR,phones,TOTTUS,1799.0,1499.0,0
IPHONE 16 128GB CHIP FISICO + REGALO,APPLE,phones,FOX MÓVILES SAC,4999.0,3079.0,0
GALAXY S24 ULTRA 256GB DUAL SIM TITANIO VIOLETA SM-928U,SAMSUNG,phones,ZOOMBIGDEAL PE,3999.0,2899.0,0
POCO X8 PRO NEGRO 12GB + 512GB.,XIAOMI,phones,XIAOMI TIENDA OFICIAL,1999.0,1799.0,1
IPHONE 17 PRO (ESIM) 256GB + COMBO DE REGALO,APPLE,phones,IO STORE,5499.0,4999.0,0
GALAXY S25 ULTRA 5G 256GB 12GB RAM DUAL SIM NEGRO,SAMSUNG,phones,R & R CELULARES,,5599.0,0
CELULAR REDMI NOTE 15 PRO 8GB 256GB GRIS TITANIO,XIAOMI,phones,TOTTUS,1299.0,1229.0,0
CELULAR MOTO G06 4GB RAM + 64GB,MOTOROLA,phones,MILLENNIALS,679.0,379.0,1
GALAXY S23 ULTRA 512GB MORADO SM-S918U.,SAMSUNG,phones,TAMIA DIGITAL STORE PE,3399.0,2549.0,0
POCO C81 PRO NEGRO 4GB + 128GB,XIAOMI,phones,XIAOMI TIENDA OFICIAL,549.0,419.0,0
REDMI NOTE 15 - 4G LTE - 6GB RAM 128GB ROM PURPLE REGISTRADO.,XIAOMI,phones,MARKETCELLPERU,999.0,699.0,1
IPHONE 17 256GB (ESIM) + COMBO DE REGALO,APPLE,phones,BAKO,4799.0,3699.0,1
CELULAR PLAY 10 3GB RAM 64GB – REGISTRADO,HONOR,phones,MARKETCELLPERU,429.0,349.0,1
S25 ULTRA 512GB -12GB RAM TITANIUM BLACK + CARGADOR 45W + CASE + MICA DE VIDRIO.,SAMSUNG,phones,MIAMI IMPORT,5699.0,3499.0,0
CELULAR REDMI NOTE 15 PRO 8GB 256GB GRIS TITANIO,XIAOMI,phones,TOTTUS,1299.0,1229.0,0
POCO X8 PRO VERDE 8GB + 256GB,XIAOMI,phones,XIAOMI TIENDA OFICIAL,1699.0,1399.0,1
X7D 8GB 256GB SILVER,HONOR,phones,TECHNOWORLD.,1459.0,790.0,0
CELULAR POCO F6 5G 12+512GB CON NFC 24069PC21G,XIAOMI,phones,TENTENGER GT SHOP PE,2299.0,1349.0,1
NUBIA V80 PRO 8+12GB+256GB - NEGRO,ZTE,phones,SANY DISTRIBUIDOR AUTORIZADO,799.0,679.0,1
POCO X8 PRO VERDE 8GB + 256GB,XIAOMI,phones,XIAOMI TIENDA OFICIAL,1699.0,1399.0,1
IPHONE 17 256GB (ESIM) - NEGRO,APPLE,phones,MARKETCELLPERU,5999.0,3399.0,0
IPHONE 15 128GB CHIP FISICO NEGRO + CARGADOR + CASE PROTECTOR,APPLE,phones,MIAMI IMPORT,4999.0,2699.0,1
IPHONE 17 PRO MAX 1TB (ESIM) - SILVER + REGALO,APPLE,phones,BAKO,8999.0,6899.0,1
S26 ULTRA 512GB - VIOLETA + PACK ACCESORIOS.,SAMSUNG,phones,USATEC IMPORT,6999.0,4359.0,0
GALAXY S24 ULTRA 256GB DUAL SIM TITANIO VIOLETA SM-928U,SAMSUNG,phones,ZOOMBIGDEAL PE,3999.0,2899.0,0
GALAXY A57 5G 256GB 8GB AWESOME NAVY,SAMSUNG,phones,MOVILES TELCEL,2099.0,1649.0,0
IPHONE 17 PRO 256GB - AZUL - ESIM ( CHIP VIRTUAL),APPLE,phones,MARKETCELLPERU,8999.0,4549.0,1
GALAXY S26 ULTRA 512GB -12GB RAM - BLACK,SAMSUNG,phones,MIAMI IMPORT,6299.0,4249.0,1
GALAXY S21 FE 5G 128G SM-G990U MORADO  REACONDICIONADO,SAMSUNG,phones,BLINK TECH PE,1309.0,719.0,0
400 5G 12GB 512GB PLATA.,HONOR,phones,MARKETCELLPERU,2899.0,1699.0,0
POCO M8 5G VERDE 8GB + 256GB.,XIAOMI,phones,XIAOMI TIENDA OFICIAL,1099.0,999.0,0
IPHONE 17 PRO MAX INTELLIGENCE 1TB (ESIM) - SILVER + REGALO,APPLE,phones,OH SHOP,10999.0,6899.0,1
GALAXY A57 5G 8GB RAM 256GB NUEVO - AZUL MARINO REGISTRADO,SAMSUNG,phones,MARKETCELLPERU,2599.0,1619.0,0
IPHONE 17 PRO MAX 512GB (ESIM) - DEEP BLUE + MICA + CARGADOR.,APPLE,phones,MIAMI IMPORT,,7999.0,0
IPHONE 17 256GB (ESIM) - BLANCO.,APPLE,phones,MARKETCELLPERU,5999.0,3399.0,0
IPHONE 16 PRO MAX - 256GB - CHIP FISICO - DESSERT.,APPLE,phones,USATEC IMPORT,6899.0,4999.0,0
CELULAR 4G REDMI NOTE 15 256GB 8GB RAM AZUL GLACIAR,XIAOMI,phones,CARSA TIENDA OFICIAL,1239.0,799.0,0
CELULAR HMD PULSE PRO 256GB ROM 8GB RAM - BATERÍA DE LARGA DURACIÓN - 4G - DUAL SIM,GENERICO,phones,MIA PHONE,695.0,566.0,0
SMARTPHONE GALAXY S26 256GB 12GB RAM 5G PANTALLA AMOLED NEGRO.,SAMSUNG,phones,TECHPRO STORE,4699.0,3149.0,1
CELULAR BOLT 1 - 2GB RAM + 32GB,UNNECTO,phones,MILLENNIALS,268.0,169.0,1
GALAXY S22 ULTRA 8+128GB SM-S908U NEGRO REACONDICIONADO.,SAMSUNG,phones,5G PHONE STORE.PE,2159.0,1589.0,0
GALAXY S24 ULTRA 5G 512GB MORADO SM-S928BDS,SAMSUNG,phones,TAMIA DIGITAL STORE PE,4899.0,3419.0,0
S21 ULTRA 5G SM-G998U 12+128G BLANCO REACONDICIONADO,SAMSUNG,phones,HOME HAN BEST PE,2209.0,1239.0,0
SMARTPHONES A6X 4+256GB VIOLETA,OPPO,phones,TOTTUS,999.0,899.0,0
MOTO SIGNATURE 12+512 PURPLE SW,MOTOROLA,phones,FALABELLA,4999.0,3799.0,0
ESPECTACULAR G86 POWER 5G 256GB+ 8GB +16GB*EXT / 50MP SONY/ FHD 6.67/ IP69 MIL-STD-810H.,MOTOROLA,phones,TU DISTI,1999.0,1149.0,1
IPHONE 17 PRO MAX 256GB (ESIM) - DEEP BLUE + REGALO,APPLE,phones,BAKO,8999.0,7499.0,0
X5C PLUS DUAL SIM 256GB 4GB RAM OCEA CYAN,HONOR,phones,TECHNOWORLD.,699.0,510.0,0
REDMAGIC 11S PRO 12GB RAM 256GB ROM - NIGHTFREEZE - CON MICA HIDROGEL - REGISTRADO,NUBIA,phones,M & M CELULARES,5499.0,4499.0,0
IPHONE 17 PRO (ESIM) 512GB + COMBO DE REGALO,APPLE,phones,OH PLAY,6999.0,5499.0,1
RAZR FOLD 16+1TB NEGRO,MOTOROLA,phones,FALABELLA,9499.0,6999.0,0
IPHONE 12 MINI 128GB NEGRO REACONDICIONADO A2176,APPLE,phones,ELECTRONIC DEALS PE,1099.0,769.0,0
BLADE A35E 2+64GB - GRIS,ZTE,phones,SANY DISTRIBUIDOR AUTORIZADO,349.0,329.0,1
CELULAR GALAXY S25 ULTRA 5G 512GB 12GB WHITE SILVER,SAMSUNG,phones,MEGACEL PERU,7599.0,3899.0,0
CELULAR GALAXY S26 ULTRA 5G 12GB 256GB NEGRO,SAMSUNG,phones,MEGACEL PERU,7999.0,4399.0,0
IPHONE 17 PRO MAX 256GB NARANJA,APPLE,phones,TOTTUS,6599.0,6099.0,1
IPHONE 17 256GB ESIM- NEGRO + CARGADOR + CASE.,APPLE,phones,MIAMI IMPORT,4799.0,3549.0,1
GALAXY S25 ULTRA 1TB 12GB 200MP - TITANIUM SILVER AZUL.,SAMSUNG,phones,MARKETCELLPERU,6999.0,3699.0,0
CELULAR 4G REDMI NOTE 15 256GB 8GB RAM AZUL GLACIAR,XIAOMI,phones,CARSA TIENDA OFICIAL,1239.0,799.0,0
CELULAR HMD PULSE PRO 256GB ROM 8GB RAM - BATERÍA DE LARGA DURACIÓN - 4G - DUAL SIM,GENERICO,phones,MIA PHONE,695.0,566.0,0
IPHONE 17 PRO MAX ESIM 1TB + REGALO.,APPLE,phones,FOX MÓVILES SAC,9699.0,7089.0,0
GALAXY S25 ULTRA 512GB - GREY TITANIUM,SAMSUNG,phones,MIAMI IMPORT,7000.0,3449.0,1
NUBIA NEO 5 GT 5G 8+256GB SS,ZTE,phones,FALABELLA,,1499.0,0
17T PRO 512GB 12GB RAM AZUL,XIAOMI,phones,MOVILES TELCEL,3529.0,2999.0,0
S21 ULTRA 5G SM-G998U 12+128G BLANCO REACONDICIONADO,SAMSUNG,phones,HOME HAN BEST PE,2209.0,1239.0,0
SMARTPHONES A6X 4+256GB VIOLETA,OPPO,phones,TOTTUS,999.0,899.0,0
IPHONE 17 PRO - ESIM 256GB SILVER,APPLE,phones,MIAMI IMPORT,5799.0,4679.0,0
CELULAR X8D 8GB + 256GB VELVET BLACK,HONOR,phones,FALABELLA,1149.0,959.0,0
GALAXY S24 5G 128GB MORADO SM-S921U1,SAMSUNG,phones,TAMIA DIGITAL STORE PE,3199.0,2039.0,0
REDMI NOTE 15 PRO 4G MIDNIGHT BLACK 8GB 256GB - BLACK - REGISTRADO.,XIAOMI,phones,MARKETCELLPERU,1599.0,1049.0,0
CELULAR BOLT F1 DUAL SIM CON MEMORIA EXPANDIBLE HASTA 128GB MORADO,UNNECTO,phones,MIA PHONE,240.0,107.0,1
POCO X8 PRO MAX AZUL 12 GB + 256 GB.,XIAOMI,phones,XIAOMI TIENDA OFICIAL,2299.0,1999.0,0
IPHONE 15 128GB CHIP FISICO - NEGRO,APPLE,phones,MIAMI IMPORT,4999.0,2939.0,0
POCO M8 5G VERDE 8GB + 256GB.,XIAOMI,phones,XIAOMI TIENDA OFICIAL,1099.0,999.0,0
POCO F8 PRO 512GB 12GB NEGRO,XIAOMI,phones,TELCEL PERU MOVILES,2899.0,2349.0,0
REACONDICIONADO IPHONE 12 A2172 (FULLY UNLOCKED) 64GB  (GRADE A),APPLE,phones,WIRELESS SOURCE PE,1099.0,799.0,0
IPHONE 17 256GB (ESIM) - AZUL,APPLE,phones,MARKETCELLPERU,5999.0,3399.0,1
MAGIC 8 LITE + NFC - 256GB 8GB RAM - SUNRISE GOLD (REGISTRADO),HONOR,phones,MARKETCELLPERU,2100.0,1399.0,1
GALAXY S21 FE 5G 128G SM-G990U NEGRO  REACONDICIONADO,SAMSUNG,phones,BLINK TECH PE,1309.0,719.0,0
15T 5G 12GB 512GB REGISTRADO - TITAN GREY.,XIAOMI,phones,MARKETCELLPERU,2399.0,1959.0,0
CELULAR IPHONE 15 PRO AZUL 256 GB REACONDICIONADO,APPLE,phones,REUSE PERU,3439.0,2799.0,0
IPHONE 14 A2649 (TOTALMENTE DESBLOQUEADO) 128GB  (GRADE A) REACONDICIONADO,APPLE,phones,WIRELESS SOURCE PE,1999.0,1479.0,0
GALAXY S22 ULTRA 128GB GRADO B NEGRO LEER DESCRIPCIÓN REACONDICIONADO.,SAMSUNG,phones,JR TRADERS,2499.0,1597.0,0
IPHONE 17 PRO MAX INTELLIGENCE 1TB (ESIM) - SILVER + REGALO,APPLE,phones,OH SHOP,10999.0,6899.0,1
CELULAR GALAXY S26 ULTRA 12GB 512GB VIOLETA,SAMSUNG,phones,TOTTUS,6899.0,5199.0,1
GALAXY S25 ULTRA 256GB 12GB 200MP - TITANIUM BLACK,SAMSUNG,phones,MARKETCELLPERU,6999.0,3199.0,1
CELULAR 4G REDMI NOTE 15 256GB 8GB RAM AZUL GLACIAR,XIAOMI,phones,CARSA TIENDA OFICIAL,1239.0,799.0,0
CELULAR HMD PULSE PRO 256GB ROM 8GB RAM - BATERÍA DE LARGA DURACIÓN - 4G - DUAL SIM,GENERICO,phones,MIA PHONE,695.0,566.0,0
GALAXY S23 ULTRA 256GB NEGRO SM-S918U,SAMSUNG,phones,TAMIA DIGITAL STORE PE,3299.0,2399.0,0
MAGIC 8 LITE + NFC - 256GB 8GB RAM - FOREST GREEN (REGISTRADO),HONOR,phones,MARKETCELLPERU,2100.0,1399.0,0
IPHONE 15 128GB (CHIP FISICO) + DADO 20W - BLUE,APPLE,phones,MARKETCELLPERU,5200.0,2699.0,0
IPHONE 16 128GB (CHIP FISICO) - VERDE,APPLE,phones,MARKETCELLPERU,5999.0,2949.0,0
CELULAR BOLT F1 DUAL SIM CON MEMORIA EXPANDIBLE HASTA 128GB MORADO,UNNECTO,phones,MIA PHONE,240.0,107.0,1
POCO X8 PRO MAX AZUL 12 GB + 256 GB.,XIAOMI,phones,XIAOMI TIENDA OFICIAL,2299.0,1999.0,0
NUEVO IPHONE 17 (ESIM) 256GB,APPLE,phones,OH SHOP,4399.0,3599.0,0
CELULAR PURA 80 PRO 12GB + 512GB DUAL SIM,HUAWEI,phones,FALABELLA,4999.0,3799.0,0
GALAXY A56 5G 256GB 12GB RAM DUAL SIM NEGRO REGISTRADO,SAMSUNG,phones,R & R CELULARES,2299.0,1699.0,0
CELULAR REDMI 15C 4GB RAM 128GB ROM COLOR VERDE MENTA,XIAOMI,phones,MARKETCELLPERU,699.0,499.0,0
CELULAR BOLT F1R DUAL SIM 4G LTE - 128MB ROM+EXPANDIBLE 128GB - BATERÍA LARGA DURACIÓN VERDE,UNNECTO,phones,MIA PHONE,199.0,107.0,1
GALAXY S23 128GB NEGRO SM-S911U.,SAMSUNG,phones,TAMIA DIGITAL STORE PE,2499.0,1539.0,0
IPHONE 13 128GB BLANCO REACONDICIONADO A2482,APPLE,phones,ELECTRONIC DEALS PE,1929.0,1399.0,0
SMARTPHONE 15T PRO TITAN NEGRO 12GB 512GB REGISTRADO,XIAOMI,phones,N & R TELCOM,3499.0,2999.0,0
GALAXY S25 ULTRA 512GB 12GB DUAL SIM AZUL,SAMSUNG,phones,N & R TELCOM,6999.0,3459.0,0
IPHONE 14 PRO 128GB NEGRO REACONDICIONADO A2650,APPLE,phones,ELECTRONIC DEALS PE,2739.0,2199.0,0
IPHONE 17 PRO MAX INTELLIGENCE 1TB (ESIM) - COSMIC ORANGE + COMBO REGALO,APPLE,phones,OH SHOP,,8999.0,0
CELULAR GALAXY S25 ULTRA 5G 256GB 12GB NEGRO,SAMSUNG,phones,TUNOVO PERU,7499.0,3299.0,0
IPHONE 17 256GB (ESIM) - VERDE + COMBO DE REGALO,APPLE,phones,OH SHOP,4499.0,3699.0,0
IPHONE 13 PRO MAX 128GB REACONDICIONADO,APPLE,phones,ELECTRONIC DEALS PE,2499.0,1999.0,0
IPHONE 12 PRO 128GB GRAFITO REACONDICIONADO A2341,APPLE,phones,ELECTRONIC DEALS PE,,1699.0,0
IPHONE 17 PRO MAX INTELLIGENCE 512GB (ESIM) - DEEP BLUE + COMBO REGALO,APPLE,phones,OH SHOP,7999.0,7599.0,0
IPHONE 17 PRO MAX INTELLIGENCE 512GB (ESIM) - COSMIC ORANGE + COMBO REGALO,APPLE,phones,OH SHOP,6799.0,6499.0,0
IPHONE 15 PRO 128GB TITANIO NEGRO ESIM REACONDICIONADO GRADO A,APPLE,phones,KPDM,5650.0,2999.0,1
GALAXY S24 ULTRA 5G 256GB GRIS SM-S928BDS,SAMSUNG,phones,TAMIA DIGITAL STORE PE,4599.0,3199.0,0
IPHONE 17 PRO MAX INTELLIGENCE 256GB (ESIM) - SILVER + COMBO REGALO,APPLE,phones,OH SHOP,5999.0,5499.0,0
CELULAR HMD PULSE PRO 256GB ROM 8GB RAM - BATERÍA DE LARGA DURACIÓN - 4G - DUAL SIM,GENERICO,phones,MIA PHONE,695.0,566.0,0
POCO X8 PRO MAX AZUL 12 GB + 256 GB.,XIAOMI,phones,XIAOMI TIENDA OFICIAL,2299.0,1999.0,0
REPUESTO LENTE VIDRIO DE CÁMARA POCOPHONE F5 PRO,GENERICO,phones,WORLD DC,,30.0,0
CELULAR HMD AURA 128GB ROM 4GB RAM - BATERÍA 5000MAH - ANDROID 13 - DUAL SIM - NEGRO,GENERICO,phones,MIA PHONE,579.0,357.0,1
CELULAR BÁSICO 105 4G DUAL SIM AZUL,Nokia,phones,SOL TELECOM,199.0,149.0,0
CELULAR SMART 4G CON WHATSAPP,LESIA,phones,IMPORTACIONES LUNA TEL,170.0,159.9,0
CELULAR BOLT F1R DUAL SIM 4G LTE - 128MB ROM+EXPANDIBLE 128GB - BATERÍA LARGA DURACIÓN VERDE,UNNECTO,phones,MIA PHONE,199.0,107.0,1
GALAXY S23 128GB NEGRO SM-S911U.,SAMSUNG,phones,TAMIA DIGITAL STORE PE,2499.0,1539.0,0
CELULAR F1 TAPA 4G BOTON SOS TECLAS GRANDES,LESIA,phones,BELTEC IMPORT,209.0,179.99,0
CELULAR BASICO Z1L 4G DUAL SIM - NEGRO,LOGIC,phones,DANLU IMPORT,249.0,199.0,0
BOLT F1R 128MB,UNNECTO,phones,MILLENNIALS,199.0,99.0,0
CELULAR BASICO C10L 4G DUAL SIM - NEGRO,LOGIC,phones,D'TEEC  CORPORACION. CJ S.A.C,299.0,99.0,0
CELULAR BOLT F1R DUAL SIM 4GLTE -128MB ROM+EXPANDIBLE 128GB - BATERÍA LARGA DURACIÓN ROJO,UNNECTO,phones,MIA PHONE,199.0,107.0,1
POCO X8 PRO MAX BLANCO 12 GB + 512 GB.,XIAOMI,phones,XIAOMI TIENDA OFICIAL,2499.0,2299.0,0
CELULAR 110 4G 2024 DUAL SIM TELÉFONO BÁSICO CON BATERÍA DE LARGA DURACIÓN Y CONECTIVIDAD 4G,Nokia,phones,PRO ACCESORIOS,199.0,179.0,0
CELULAR BASICO I440 FLIP 4G TAPA DUAL SIM -ROJO,VERYKOOL,phones,IMPORTACIONES LUNA TEL,159.0,84.9,0
REPUESTO LENTE VIDRIO DE CÁMARA XIAOMI REDMI NOTE 14 4G,GENERICO,phones,WORLD DC,,35.0,0
REPUESTO LENTE VIDRIO DE CÁMARA HUAWEI P30,GENERICO,phones,WORLD DC,,35.0,0
CELULAR T800 4G DOBLE LINTERNA Y BATERIA DURABLE,VERYKOOL,phones,BELTEC IMPORT,189.0,159.99,0
CARGADOR 20W TIPO C ORIGINAL Y CARGA RÁPIDA - BLANCO,APPLE,phones,GLOBAL CEL,199.0,89.0,0
CABLE USB A TIPO C  NEGRO ORIGINAL,SAMSUNG,phones,GLOBAL CEL,79.0,25.0,0
CELULAR BASICO UF1L 4G DUAL SIM - NEGRO,UNONU,phones,RP INVERSIONES,299.0,129.0,0
UF1L TELÉFONO BÁSICO FLIP 4G CON DOBLE PANTALLA,UNONU,phones,PRO ACCESORIOS,190.0,119.0,0
GT 30 PRO 12GB+12GB 512GB DARK FLARE + KIT GAMING,INFINIX,phones,LINEA HOGAR.,2599.0,1749.0,0
CELULAR BÁSICO PLEGABLE LT1448 4G RADIO FM CÁMARA LINTERNA - NEGRO,LANDBYTE,phones,MECSOFT,160.0,123.9,0
IPHONE 16 128GB COLOR VERDE,APPLE,phones,AYLEN OFERTAS,3999.0,3079.0,0
CELULAR BLACKPHONE B3R 3G CON RADIO INALAMBRICA BATERIA DE 6000MAH,GENERICO,phones,IMPORTACIONES LUNA TEL,189.9,127.9,1
NOTE 50 PRO 4G 256GB+8GBRAM COLOR NEGRO - REGISTRADO,INFINIX,phones,LIDER MOBILES,1500.0,1050.0,0
CELULAR BOLT F1R DUAL SIM 4GLTE -128MB ROM+EXPANDIBLE 128GB - BATERÍA LARGA DURACIÓN ROJO,UNNECTO,phones,MIA PHONE,199.0,107.0,1
POCO X8 PRO MAX BLANCO 12 GB + 512 GB.,XIAOMI,phones,XIAOMI TIENDA OFICIAL,2499.0,2299.0,0
MAGIC 8 LITE 256GB 8GB RAM MIDNIGHT BLACK,HONOR,phones,TELCEL PERU MOVILES,2019.0,1469.0,0
SMARTPHONE A6 PRO BUNDLE 8+256 AZUL,OPPO,phones,TOTTUS,1899.0,1599.0,1
MAGIC 8 LITE 256GB 8GB RAM FOREST GREEN,HONOR,phones,TELCEL PERU MOVILES,2019.0,1469.0,0
MAGIC 8 LITE 256GB 8GB RAM MIDNIGHT BLACK,HONOR,phones,MOVILES TELCEL,2019.0,1469.0,0
CELULAR BOLT F1R DUAL SIM 4G LTE - 128MB ROM + EXPANDIBLE 128GB - BATERÍA DE LARGA DURACIÓN,UNNECTO,phones,MIA PHONE,199.0,107.0,1
POCO X8 PRO MAX AZUL 12 GB + 512 GB,XIAOMI,phones,XIAOMI TIENDA OFICIAL,2499.0,2299.0,0
MAGIC 8 LITE 5G 8GB 256GB NEGRO,HONOR,phones,CORPORACION PORTAL,1800.0,1565.0,0
REDMI 15C 4+4GBRAM + 128GB - NEGRO,XIAOMI,phones,VAMTEL PERU,699.0,599.0,0
IPHONE 12 MINI 64GB ROJO REACONDICIONADO A2176,APPLE,phones,ELECTRONIC DEALS PE,889.0,729.0,0
REDMI 15 8GB 256GB LIBRE - COLOR NEGRO,XIAOMI,phones,VAMTEL PERU,799.0,789.0,0
REDMI 15 256GB 8GB RAM NEGRO,XIAOMI,phones,CADEZ TECHNOLOGY,900.0,748.0,0
SMARTPHONE POCO X7 5G 8GB RAM 256GB ROM SILVER 24095PCADG,XIAOMI,phones,MMJ TECH PE,1399.0,1299.0,0
SMARTPHONE GALAXY Z FLIP 3 5G 256GB NEGRO SM-F711U REACONDICIONADO 256 GB 8GB,SAMSUNG,phones,BLINK TECH PE,1679.0,1159.0,0
GALAXY Z FLIP 3 5G 128GB NEGRO SM-F711U REACONDICIONADO,SAMSUNG,phones,BLINK TECH PE,1679.0,1159.0,0
S21 ULTRA 5G SM-G998U 12+128G BLANCO REACONDICIONADO,SAMSUNG,phones,HOME HAN BEST PE,2209.0,1239.0,0
X9D 5G 8GB 256GB NUEVO LIBRE - COLOR NEGRO,HONOR,phones,NEWPHONE,1499.0,1369.0,0
IPHONE 13 MINI 128GB REACONDICIONADO,APPLE,phones,ELECTRONIC DEALS PE,1379.0,1079.0,0
GALAXY S20 FE SM-G781U1 6+128G MORADO REACONDICIONADO CHN,SAMSUNG,phones,BLINK TECH PE,999.0,659.0,0
HONOR 50 5G 12GB 256GB NTH-NX9 SMARTPHONES -PLATEADO REACONDICIONADO CHN,HUAWEI,phones,BLINK TECH PE,899.0,649.0,0
SMARTPHONE BLADE A35E 6.52 64 GB GRIS,ZTE,phones,TECHNOWORLD.,499.0,320.0,0
PIXEL 6 PRO 5G GLU0G 128GB  NEGRO REACONDICIONADO,GOOGLE,phones,BLINK TECH PE,1709.0,1309.0,0
HONOR 50 5G 8GB 256GB NTH-NX9 SMARTPHONES -PLATEADO REACONDICIONADO CHN,HUAWEI,phones,BLINK TECH PE,829.0,629.0,0
REDMI NOTE 15 PRO 4G 8GBRAM 256GB NUEVO - TITANIUM COLOR,XIAOMI,phones,VAMTEL PERU,1599.0,1069.0,0
IPHONE 12 MINI 64GB 4GB BLANCO - REACONDICIONADO,APPLE,phones,PERU SMART S.A.C,1199.0,999.0,0
GALAXY S22 256GB ROSADO GRADO A LEER DESCRIPCION ENTREGA INMEDIATA REACONDICIONADO,SAMSUNG,phones,BEST PHONE TECH,2100.0,1297.0,0
SMARTPHONE A5 5G 256GB 8GB VERDE,OPPO,phones,TOTTUS,1199.0,1099.0,1
CELULAR XIAOMI NOTE 17 PRO MAX 5G 8+ 8 RAM 256GB NEGRO,REDMI,phones,VAMTEL PERU,2000.0,1929.0,0
CELULAR XIAOMI NOTE 17 PRO MAX 5G 8+ 8 RAM 256GB NEGRO,REDMI,phones,VAMTEL PERU,2000.0,1929.0,0
600 5G 8GB 256GB NEGRO,HONOR,phones,SL COMERCIO,2999.0,2348.0,0
CELULAR LIBRE A55 675 128GB 4GB RAM BLACK,ZTE,phones,ROYSHA S.A.C.,789.0,489.0,0
CELULAR 17 4GB RAM 256GB ROM COLOR AZUL PROFUNDO.,REDMI,phones,RODALEXIA,999.0,849.0,0
POCO X8 PRO 5G 512GB CON 12GB DE RAM COLOR VERDE.,XIAOMI,phones,MIAMI IMPORT,2499.0,1699.0,0
"CELULAR X8C 6.7"" PULG 8GB RAM 256GB MAGICOS 9.0 - NEGRO MEDIANOCHE",HONOR,phones,NESSOUL E.I.R.L.,1589.0,1029.0,0
GALAXY NOTE20 ULTRA SM-N986U 128GB BLANCO REACONDICIONADO.,SAMSUNG,phones,BLINK TECH PE,2099.0,1669.0,0
IPHONE 17 256GB ESIM- NEGRO + CARGADOR + CASE PROTECTOR.,APPLE,phones,MIAMI IMPORT,4799.0,3549.0,0
NUBIA V80 MAX 4+256GB SS,ZTE,phones,FALABELLA,,629.0,0
"CELULAR REDMI NOTE 15 PRO 6.77"" PULG. 8GB RAM 256GB HYPEROS 2 - GRIS TITANIO",XIAOMI,phones,NESSOUL E.I.R.L.,1599.0,1099.0,0
"CELULAR REDMI NOTE 15 PRO 6.77"" PULG. 8GB RAM 256GB HYPEROS 2 - NEGRO",XIAOMI,phones,NESSOUL E.I.R.L.,1599.0,1099.0,0
"CELULAR REDMI NOTE 15 PRO 6.77"" PULG. 8GB RAM 256GB HYPEROS 2 - NEGRO",XIAOMI,phones,NESSOUL E.I.R.L.,1599.0,1099.0,0
"CELULAR REDMI NOTE 15 PRO 6.77"" PULG. 8GB RAM 256GB HYPEROS 2 - NEGRO",XIAOMI,phones,NESSOUL E.I.R.L.,1599.0,1099.0,0
"CELULAR REDMI A7 PRO 6.9"" PULG. 4GB RAM 64GB HYPEROS 3 - AZUL NIEBLA",XIAOMI,phones,NESSA SHOP PERU EIRL,699.0,409.0,0
"CELULAR REDMI A7 PRO 6.9"" PULG. 4GB RAM 64GB HYPEROS 3 - NEGRO",XIAOMI,phones,NESSA SHOP PERU EIRL,699.0,409.0,0
"CELULAR REDMI A7 PRO 6.9"" PULG. 4GB RAM 64GB HYPEROS 3 - NEGRO",XIAOMI,phones,NESSA SHOP PERU EIRL,699.0,409.0,0
"CELULAR REDMI A7 PRO 6.9"" PULG. 4GB RAM 64GB HYPEROS 3 - NEGRO",XIAOMI,phones,NESSA SHOP PERU EIRL,699.0,409.0,0
CELULAR GALAXY S23 ULTRA 5G 512GB 12GB VERDE,SAMSUNG,phones,TUNOVO PERU,5299.0,3199.0,0
CELULAR GALAXY S24 FE 128GB GRAPHITE,SAMSUNG,phones,WANT,,3249.0,0
"IPHONE 14 PRO 256GB, GRADO B, PURPURA, E-SIM, LEER DESCRIPCION, REACONDICIONADO.",APPLE,phones,BEST PHONE TECH,3500.0,2177.0,0
IPHONE 17 PRO MAX 1TB (ESIM) - SILVER + REGALO,APPLE,phones,BAKO,8999.0,6899.0,0
REPUESTO LENTE VIDRIO DE CÁMARA SAMSUNG NOTE 8,GENERICO,phones,WORLD DC,,35.0,0
CELULAR X5C 4GB+128GB COLOR AZUL,HONOR,phones,20 PRO,499.0,469.0,0
REDMI NOTE 17 6GB RAM 128GB NEGRO,XIAOMI,phones,F MOBILE TECH,1399.0,1089.0,0
BMOBILE ORBIT 6+8GB + 128GB,GENERICO,phones,TECHNOWORLD.,560.0,409.0,0
REPUESTO LENTE VIDRIO DE CÁMARA XIAOMI MI 10T 5G,GENERICO,phones,WORLD DC,,35.0,0
IPHONE 13 MINI 128GB REACONDICIONADO,APPLE,phones,ELECTRONIC DEALS PE,1379.0,1289.0,0
REDMI NOTE 17 6GB RAM 256GB VERDE,XIAOMI,phones,F MOBILE TECH,1499.0,1199.0,0
"CELULAR MOTO G31 6.42"" PULG. 4GB RAM 128GB ANDROID 11 - GRIS METEORO",MOTOROLA,phones,CORPORACION M & P,899.0,609.0,0
REDMI NOTE 17 6GB RAM 256GB NEGRO,XIAOMI,phones,F MOBILE TECH,1499.0,1199.0,0
MOTO G17 4RAM 128GB ARANDANO,MOTOROLA,phones,RD HOME TECH,799.0,489.0,0
REDMI NOTE 17 6GB RAM 256GB MORADO,XIAOMI,phones,F MOBILE TECH,1499.0,1199.0,0
"CELULAR MOTO G23 6.5"" PULG. 4GB RAM 128GB ANDROID 13 - NEGRO",MOTOROLA,phones,CORPORACION M & P,899.0,529.0,0
"CELULAR MOTO G23 6.5"" PULG. 4GB RAM 128GB ANDROID 13 - NEGRO",MOTOROLA,phones,CORPORACION M & P,899.0,529.0,0
"CELULAR MOTO G23 6.5"" PULG. 4GB RAM 128GB ANDROID 13 - NEGRO",MOTOROLA,phones,CORPORACION M & P,899.0,529.0,0
CELULAR REDMI NOTE 17 4G 256GB 6GB RAM AMOLED 50MP - NEGRO,XIAOMI,phones,LINEA HOGAR.,1799.0,1059.0,0
REDMI NOTE 17 PRO MAX 5G 8GB 256GB - COLOR NEGRO,XIAOMI,phones,NEWPHONE,2799.0,1919.0,0
CELULAR NOTE 17 PRO MAX 5G 8GB RAM (+8GB VIRTUAL) 256GB ROM COLOR CLOUD BLUSH,REDMI,phones,RODALEXIA,2499.0,1899.0,0
REDMI 15 4GB 128GB,XIAOMI,phones,HOLA PLAZA,799.0,475.0,0
REPUESTO LENTE VIDRIO DE CÁMARA MOTOROLA G50 4G,GENERICO,phones,WORLD DC,,30.0,0
HOT 70 -COLOR NEGRO-4+4+256GB-EQUIPO REGISTRADO,INFINIX,phones,LIDER MOBILES,920.0,720.0,0
IPHONE 16 128GB CHIP FISICO - TEAL,APPLE,phones,FOX MÓVILES SAC,4999.0,3065.0,0
REDMI NOTE 17 PRO MAX 5G 8GB 256GB - COLOR NEGRO,XIAOMI,phones,NEWPHONE,2799.0,1919.0,0
REDMI NOTE 17 PRO MAX 5G 8GB 256GB - COLOR NEGRO,XIAOMI,phones,NEWPHONE,2799.0,1919.0,0
REDMI NOTE 15 4G 8GB RAM 256GB ROM NEGRO CAMARA 108 MP,XIAOMI,phones,EXCLUSIVA,1099.0,849.0,0
REPUESTO LENTE VIDRIO DE CÁMARA IPHONE 14 PRO MAX,GENERICO,phones,WORLD DC,,35.0,0
HOT 70 -COLOR AZUL-4+4+256GB-EQUIPO REGISTRADO,INFINIX,phones,LIDER MOBILES,920.0,720.0,0
REPUESTO LENTE VIDRIO DE CÁMARA + MARCO SAMSUNG S23,GENERICO,phones,WORLD DC,45.0,35.0,0
REPUESTO LENTE VIDRIO DE CÁMARA + MARCO SAMSUNG S23 ULTRA,GENERICO,phones,WORLD DC,45.0,35.0,0
REPUESTO LENTE VIDRIO DE CÁMARA + MARCO SAMSUNG S21,GENERICO,phones,WORLD DC,45.0,35.0,0
REPUESTO LENTE VIDRIO DE CÁMARA + MARCO SAMSUNG S21 PLUS,GENERICO,phones,WORLD DC,45.0,35.0,0
CELULAR GALAXY A37 256GB 8 RAM - DARK GREEN - REGISTRADO.,SAMSUNG,phones,MARKETCELLPERU,1899.0,1359.0,0
NOTE EDGE 5G 8GB 256GB - VERDE,INFINIX,phones,VAMTEL PERU,1400.0,1379.0,0
NOTE EDGE 5G 8GB 256GB - VERDE,INFINIX,phones,VAMTEL PERU,1400.0,1379.0,0
NOTE EDGE 5G 8GB 256GB - VERDE,INFINIX,phones,VAMTEL PERU,1400.0,1379.0,0
REPUESTO LENTE VIDRIO DE CÁMARA MOTO G86,GENERICO,phones,WORLD DC,35.0,25.0,0
REPUESTO FLEX DE CARGA Y MICROFONO XIAOMI 13T,GENERICO,phones,WORLD DC,45.0,35.0,0
CELULAR BASICO LINK 4G DUAL SIM - NEGRO,UNONU,phones,D'TEEC  CORPORACION. CJ S.A.C,199.0,99.0,0
PLAY 10 4RAM 128GB NEGRO,HONOR,phones,VAMTEL PERU,550.0,479.0,0
PLAY 10 4RAM 128GB NEGRO,HONOR,phones,VAMTEL PERU,550.0,479.0,0
REDMI NOTE 15 PRO 8GB/256GB NEGRO,XIAOMI,phones,20 PRO,1250.0,1169.0,0
POCO X8 PRO MAX BLANCO 12GB+256GB,XIAOMI,phones,XIAOMI TIENDA OFICIAL,2299.0,1999.0,0
"CELULAR REDMI A5 4GB RAM 128GB 6.88"" PULG. ANDROID 15 + REGALO",XIAOMI,phones,NESSOUL E.I.R.L.,659.0,469.0,0
"CELULAR REDMI A5 4GB RAM 128GB 6.88"" PULG. ANDROID 15 + REGALO",XIAOMI,phones,NESSOUL E.I.R.L.,659.0,469.0,0
REPUESTO LENTE VIDRIO DE CÁMARA SAMSUNG A54,GENERICO,phones,WORLD DC,35.0,28.0,0
600E 5G 512 GB 8GB GRIS,HONOR,phones,MOVILES TELCEL,2459.0,1949.0,0
CELULAR PLAY 10 4GB RAM 128GB – REGISTRADO,HONOR,phones,MARKETCELLPERU,499.0,439.0,0
REPUESTO LENTE VIDRIO DE CÁMARA POCOPHONE X3 NFC,GENERICO,phones,WORLD DC,,35.0,0
CELULAR REDMI 15 128GB 6GB RAM 4G NEGRO / NEGRO / NEGRO,XIAOMI,phones,JA INNOVATION,889.0,668.0,0
CELULAR REDMI 15 128GB 6GB RAM 4G  NEGRO  /  NEGRO  / NEGRO,XIAOMI,phones,ALTEZA TECH,899.0,679.0,0
CELULAR REDMI 15 128GB 6GB RAM 4G  NEGRO  /  NEGRO  / NEGRO,XIAOMI,phones,ALTEZA TECH,899.0,679.0,0
CELULAR REDMI 15 128GB 6GB RAM 4G  NEGRO  /  NEGRO  / NEGRO,XIAOMI,phones,ALTEZA TECH,899.0,679.0,0
CELULAR REDMI 15 128GB 6GB RAM 4G  NEGRO  /  NEGRO  / NEGRO,XIAOMI,phones,ALTEZA TECH,899.0,679.0,0
GALAXY NOTE20 ULTRA SM-N986U 128GB BLANCO REACONDICIONADO.,SAMSUNG,phones,BLINK TECH PE,2099.0,1669.0,0
CELULAR LIBRE A55 675 128GB 4GB RAM BLACK,ZTE,phones,ROYSHA S.A.C.,789.0,489.0,0
"IPHONE 14 PRO 256GB, GRADO B, PURPURA, E-SIM, LEER DESCRIPCION, REACONDICIONADO.",APPLE,phones,BEST PHONE TECH,3500.0,2177.0,0
IPHONE 17 PRO MAX 1TB (ESIM) - SILVER + REGALO,APPLE,phones,BAKO,8999.0,6899.0,0
"CELULAR REDMI NOTE 15 PRO 5G 6.77"" PULG. 8GB RAM 512GB HYPEROS 2 - GRIS TITANIO",XIAOMI,phones,NESSOUL E.I.R.L.,1899.0,1639.0,0
"CELULAR REDMI NOTE 15 PRO PLUS 5G 6.83"" PULG. 12GB RAM 512GB HYPEROS 2 - NEGRO",XIAOMI,phones,NESSOUL E.I.R.L.,2599.0,1849.0,0
"CELULAR REDMI 15C 6.9"" PULG. 4GB RAM 128GB HYPEROS 2 - VERDE MENTA",XIAOMI,phones,NESSOUL E.I.R.L.,799.0,509.0,0
"CELULAR REDMI 15C 6.9"" PULG. 4GB RAM 128GB HYPEROS 2 - VERDE MENTA",XIAOMI,phones,NESSOUL E.I.R.L.,799.0,509.0,0
"CELULAR X5C 6.74"" PULG. 4GB RAM 64GB MAGICOS 9.0 - NEGRO MEDIANOCHE",HONOR,phones,NESSA SHOP PERU EIRL,699.0,439.0,0
"CELULAR X5C 6.74"" PULG. 4GB RAM 64GB MAGICOS 9.0 - AZUL CIAN",HONOR,phones,NESSOUL E.I.R.L.,629.0,449.0,0
"CELULAR MOTO G23 6.5"" PULG. 4GB RAM 128GB ANDROID 13 - NEGRO",MOTOROLA,phones,CORPORACION M & P,899.0,529.0,0
"CELULAR MOTO G23 6.5"" PULG. 4GB RAM 128GB ANDROID 13 - NEGRO",MOTOROLA,phones,CORPORACION M & P,899.0,529.0,0
"CELULAR MOTO G23 6.5"" PULG. 4GB RAM 128GB ANDROID 13 - NEGRO",MOTOROLA,phones,CORPORACION M & P,899.0,529.0,0
CELULAR REDMI NOTE 17 4G 256GB 6GB RAM AMOLED 50MP - NEGRO,XIAOMI,phones,LINEA HOGAR.,1799.0,1059.0,0
GALAXY S26 ULTRA 12GB 512GB 5G,SAMSUNG,phones,JA INNOVATION,7000.0,6209.0,0
GALAXY S26 ULTRA 12GB 512GB 5G,SAMSUNG,phones,ALTEZA TECH,7000.0,6220.0,0
GALAXY S26 ULTRA 12GB 512GB 5G,SAMSUNG,phones,JA INNOVATION,7000.0,6209.0,0
GALAXY S26 ULTRA 12GB 512GB 5G,SAMSUNG,phones,JA INNOVATION,7000.0,6209.0,0
GALAXY S26 ULTRA 12GB 512GB 5G,SAMSUNG,phones,ALTEZA TECH,7000.0,6220.0,0
REPUESTO LENTE VIDRIO DE CÁMARA + MARCO SAMSUNG A26,GENERICO,phones,WORLD DC,45.0,35.0,0
REPUESTO LENTE VIDRIO DE CÁMARA + MARCO SAMSUNG A56,GENERICO,phones,WORLD DC,45.0,35.0,0
REPUESTO LENTE VIDRIO DE CÁMARA + MARCO SAMSUNG S24 FE,GENERICO,phones,WORLD DC,45.0,35.0,0
REPUESTO LENTE VIDRIO DE CÁMARA + MARCO SAMSUNG A34,GENERICO,phones,WORLD DC,45.0,35.0,0
IPHONE 17 PRO 256GB CHIP FISICO - NARANJA,APPLE,phones,FOX MÓVILES SAC,6399.0,4939.0,0
REPUESTO LENTE VIDRIO DE CÁMARA + MARCO SAMSUNG S23 ULTRA,GENERICO,phones,WORLD DC,45.0,35.0,0
CELULAR REDMI NOTE 14 PRO PLUS 5G 256GB - 12GB RAM NEGRO,XIAOMI,phones,SL COMERCIO,1999.0,1479.0,0
"CELULAR G06 6.8"" PULG. 4GB RAM 64GB ANDROID 15 - AZUL",MOTOROLA,phones,NESSOUL E.I.R.L.,699.0,409.0,0
"GALAXY S22 128GB BLANCO, GRADO A LEER DESCRIPCION ENTREGA INMEDIATA REACONDICIONADO",SAMSUNG,phones,BEST PHONE TECH,1999.0,1087.0,0
BMOBILE ORBIT 6+8GB + 128GB,GENERICO,phones,TECHNOWORLD.,560.0,409.0,0
REDMI NOTE 17 6GB RAM 128GB NEGRO,XIAOMI,phones,F MOBILE TECH,1399.0,1089.0,0
CELULAR X5C 4GB+128GB COLOR AZUL,HONOR,phones,20 PRO,499.0,469.0,0
CELULAR BASICO 105 4G TA-1659 DUAL SIM - AZUL,Nokia,phones,TEC RP,299.0,159.0,0
CELULAR BASICO 105 4G TA-1659 DUAL SIM - ROSADO,Nokia,phones,TEC RP,299.0,159.0,0
X5C 4RAM 64GB AZUL.,HONOR,phones,SMART TECH RB,699.0,449.0,0
MOTO G17 4GBRAM 256GBNUEVO - COLOR AZUL,MOTOROLA,phones,NEWPHONE,699.0,639.0,0
MOTO G17 4GBRAM 256GBNUEVO - COLOR AZUL,MOTOROLA,phones,NEWPHONE,699.0,639.0,0
MOTO G17 4GBRAM 256GBNUEVO - COLOR AZUL,MOTOROLA,phones,NEWPHONE,699.0,639.0,0
"CELULAR PLAY 10 6.74"" PULG. 3GB RAM 64GB ANDROID 15 - AZUL CIAN",HONOR,phones,NESSA SHOP PERU EIRL,699.0,389.0,0
"CELULAR REDMI A5 4GB RAM 128GB 6.88"" PULG. ANDROID 15 + REGALO",XIAOMI,phones,NESSOUL E.I.R.L.,659.0,469.0,0
REDMI 15C 4RAM 256GB AZUL,XIAOMI,phones,RD HOME TECH,899.0,549.0,0
CELULAR X8D 8GB + 256GB.,HONOR,phones,MICELPERU,1324.54,980.0,0
REPUESTO FLEX DE CARGA Y MICROFONO XIAOMI MI 9T,GENERICO,phones,WORLD DC,45.0,35.0,0
CELULAR HOT 60 PRO 8GB RAM 256,INFINIX,phones,MICELPERU,1068.0,822.0,0
CELULAR PLAY 10 3GB RAM 64GB ROM - NEGRO,HONOR,phones,TEC DTEEC,999.0,419.0,0
REDMI 15 5G 8GB 256GB LIBRE - COLOR VERDE,XIAOMI,phones,VAMTEL PERU,1100.0,989.0,0
"CELULAR REDMI A7 6.88"" PULG. 3GB RAM 64GB ANDROID 15 + REGALO",XIAOMI,phones,NESSOUL E.I.R.L.,499.0,409.0,0
CELULAR 600 5G 8GB+256GB NEGRO+ CHOICE WATCH BLANCO,HONOR,phones,VAMTEL PERU,2500.0,2099.0,0
CELULAR 600 5G 8GB+256GB NEGRO+ CHOICE WATCH BLANCO,HONOR,phones,VAMTEL PERU,2500.0,2189.0,0
REPUESTO LENTE VIDRIO DE CÁMARA OPPO A8,GENERICO,phones,WORLD DC,35.0,25.0,0
REDMI A7 PRO 4RAM 128GB NEGRO.,XIAOMI,phones,RD HOME TECH,799.0,469.0,0
CELULAR GALAXY A54 5G 128GB 6GB RAM,SAMSUNG,phones,JA INNOVATION,1799.0,1399.0,0
CELULAR GALAXY A54 5G 128GB 6GB RAM,SAMSUNG,phones,JA INNOVATION,1799.0,1359.0,0
CELULAR GALAXY A54 5G 128GB 6GB RAM,SAMSUNG,phones,JA INNOVATION,1799.0,1349.0,0
CELULAR GALAXY A54 5G 128GB 6GB RAM,SAMSUNG,phones,JA INNOVATION,1799.0,1339.0,0
CELULAR GALAXY A54 5G 128GB 6GB RAM,SAMSUNG,phones,JA INNOVATION,1799.0,1329.0,0
X7D 8GB - 256GB COLOR PLATA,HONOR,phones,VAMTEL PERU,1200.0,939.0,0
CELULAR GALAXY A07 128GB BLACK,SAMSUNG,phones,WANT,699.0,499.0,0
CELULAR GALAXY S26 ULTRA 5G 512GB 12GB RAM TRASERA 200MP Y FRONTAL 12MP VIOLETA,SAMSUNG,phones,COOLBOX,6899.0,6189.0,0
"CELULAR A56 PRO 4G 128GB, 4GB RAM, CÁMARA TRASERA 50MP Y FRONTAL 8MP, 6.75"", GRIS",ZTE,phones,COOLBOX,,509.0,0
CELULAR TECNO SPARK 50 4GB+256GB COLOR NEGRO,TECNO MOBILE,phones,20 PRO,719.0,669.0,0
"IPHONE 16 ESIM 5G 128GB, 8GB RAM 48MP/12MP 6.1"" ROSADO",APPLE,phones,COOLBOX,,3999.0,0
REDMI NOTE 17 PRO 5G 6GB RAM 256GB NEGRO,XIAOMI,phones,F MOBILE TECH,1799.0,1599.0,0
"CELULAR MOTO G23 6.5"" PULG. 4GB RAM 128GB ANDROID 13 - NEGRO",MOTOROLA,phones,NESSA SHOP PERU EIRL,899.0,529.0,0
"CELULAR MOTO G23 6.5"" PULG. 4GB RAM 128GB ANDROID 13 - NEGRO",MOTOROLA,phones,NESSA SHOP PERU EIRL,899.0,529.0,0
"CELULAR MOTO G23 6.5"" PULG. 4GB RAM 128GB ANDROID 13 - NEGRO",MOTOROLA,phones,NESSA SHOP PERU EIRL,899.0,529.0,0
CELULAR NOTE 17 PRO MAX 5G 8GB RAM (+8GB VIRTUAL) 256GB ROM COLOR CLOUD BLUSH,REDMI,phones,RODALEXIA,2499.0,1899.0,0
17 ULTRA 5G 16GB 512GB NUEVO REGISTRADO - COLOR NEGRO.,XIAOMI,phones,GLOBAL CEL,6999.0,5749.0,0
"GALAXY S23 PLUS 512GB, NEGRO, GRADO A, ENTREGA INMEDIATA, REACONDICIONADO",SAMSUNG,phones,JR TRADERS,2699.0,1757.0,0
S26 ULTRA 256GB - BLANCO,SAMSUNG,phones,USATEC IMPORT,5999.0,3729.0,0
REPUESTO LENTE VIDRIO DE CÁMARA IPHONE 15 PLUS,GENERICO,phones,WORLD DC,,35.0,0
CELULAR GALAXY A16 128 GB 4 GB RAM NEGRO + CARGADOR RÁPIDO TIPO C 65W GAR322 1HORA,SAMSUNG,phones,MICELPERU,979.0,599.0,0
REPUESTO LENTE VIDRIO DE CÁMARA HUAWEI P40,GENERICO,phones,WORLD DC,,35.0,0
X8D 256GB - 8GB RAM COLOR NEGRO.,HONOR,phones,20 PRO,1099.0,1019.0,0
"CELULAR POCO C81 PRO 4GB + 256GB PANTALLA INMERSIVA DE 6,9 BATERÍA ENORME DE 25128PC17G",XIAOMI,phones,TENTENGER GT SHOP PE,699.0,559.0,0
CELULAR SMART 9 4GB - 128GB COLOR NEGRO,INFINIX,phones,LEDA TECH,999.0,827.0,0
X6E 4RAM 128GB DORADO,HONOR,phones,F MOBILE TECH,799.0,659.0,0
"IPHONE 13 MINI 128GB, LEER DESCRIPCIÓN, ROSADO, REACONDICIONADO",APPLE,phones,BEST PHONE TECH,2300.0,1222.0,0
NUBIA V80 PRO 8RAM 256GB NEGRO,ZTE,phones,F MOBILE TECH,1070.0,769.0,0
CELULAR 4G REDMI NOTE 15 256GB 8GB RAM AZUL GLACIAR,XIAOMI,phones,CARSA TIENDA OFICIAL,1239.0,799.0,0
GALAXY A16 4GB 128GB NUEVO LIBRE - NEGRO.,SAMSUNG,phones,GLOBAL CEL,899.0,589.0,0
"IPHONE 13 MINI 128GB , GRADO A, BATERIA 100%, ROSADO , ENTREGA INMEDIATA, REACONDICIONADO.",APPLE,phones,BEST PHONE TECH,2000.0,1297.0,0
MOTO G77 5G 8GB 256GB NUEVO - COLOR NEGRO,MOTOROLA,phones,GLOBAL CEL,1999.0,989.0,0
MOTO G77 5G 8GB 256GB NUEVO - COLOR NEGRO,MOTOROLA,phones,GLOBAL CEL,1999.0,989.0,0
17 ULTRA 5G 16GB 512GB NUEVO REGISTRADO - COLOR NEGRO.,XIAOMI,phones,GLOBAL CEL,6999.0,5799.0,0
MAGIC 8 LITE - 256GB 8GB  5G - VERDE,HONOR,phones,ALTEZA TECH,3200.0,1679.0,0
RENO16 F 5G 8RAM 256GB VIOLETA,OPPO,phones,F MOBILE TECH,3999.0,2225.0,0
"CELULAR G05 6.67"" PULG. 4GB RAM 128GB ANDROID 15 - ROJO",MOTOROLA,phones,NESSOUL E.I.R.L.,699.0,449.0,0
"CELULAR G05 6.67"" PULG. 4GB RAM 128GB ANDROID 15 - ROJO",MOTOROLA,phones,NESSOUL E.I.R.L.,699.0,449.0,0
CELULAR REDMI NOTE 17 5G 6GB RAM 256GB ROM CELESTIAL PURPLE,XIAOMI,phones,QUE TAL COMPRA DEL PERU,1499.0,1199.0,0
CELULAR C30S 2GB RAM 32GB NEGRO / NEGRO / NEGRO,REALME,phones,ALTEZA TECH,600.0,340.0,0
CELULAR C30S 2GB RAM 32GB NEGRO / NEGRO / NEGRO,REALME,phones,ALTEZA TECH,600.0,340.0,0
CELULAR C30S 2GB RAM 32GB NEGRO / NEGRO / NEGRO,REALME,phones,ALTEZA TECH,600.0,340.0,0
CELULAR GALAXY S20 FE 5G 128GB 6GB RAM  AZUL / AZUL / AZUL,SAMSUNG,phones,JA INNOVATION,2000.0,1324.0,0
REPUESTO LENTE VIDRIO DE CÁMARA HUAWEI HONOR X8A,GENERICO,phones,WORLD DC,,35.0,0
IPHONE 15 PRO 128GB ESIM - NATURAL TITANIUM (REACONDICIONADO),APPLE,phones,COMERCIO TECH USA,3999.0,2999.0,1
CELULAR REDMI NOTE 17 6+256 NEGRO + BUDS 6 PLAY,XIAOMI,phones,TOTTUS,,1299.0,0
IPHONE 12 MINI 256GB VERDE REACONDICIONADO A2176,APPLE,phones,ELECTRONIC DEALS PE,1149.0,1079.0,0
"CELULAR BASICO CORN GT32 4G, NEGRO-ROJO",GENERICO,phones,IMPORTACIONES LUNA TEL,159.0,79.9,1
CELULAR X8D 8GB + 256GB.,HONOR,phones,MICELPERU,1324.54,980.0,0
CELULAR BASICO BOLT F1R DUAL SIM - VERDE,UNNECTO,phones,D'TEEC  CORPORACION. CJ S.A.C,299.0,119.9,0
CELULAR BASICO BOLT F1R DUAL SIM - ROJO,UNNECTO,phones,TEC DTEEC,299.0,119.9,0
CELULAR BASICO BOLT F1R DUAL SIM - ROJO,UNNECTO,phones,TEC DTEEC,299.0,119.9,0
CELULAR BASICO BOLT F1R DUAL SIM - VERDE,UNNECTO,phones,TEC DTEEC,299.0,119.9,0
CELULAR BASICO BOLT F1R DUAL SIM - ROJO,UNNECTO,phones,IMPORT CASO E.I.R.L.,299.0,119.9,0
CELULAR BASICO BOLT F1R DUAL SIM - VERDE,UNNECTO,phones,IMPORT CASO E.I.R.L.,299.0,119.9,0
CELULAR BASICO BOLT F1R DUAL SIM - ROJO,UNNECTO,phones,DANLU IMPORT,299.0,119.9,0
CELULAR BASICO BOLT F1R DUAL SIM - VERDE,UNNECTO,phones,DANLU IMPORT,299.0,119.9,0
MAGIC 8 LITE 512GB 8GB NEGRO MEDIANOCHE,HONOR,phones,TELCEL PERU MOVILES,2059.0,1679.0,0
"CELULAR REDMI A7 6.88"" PULG. 3GB RAM 64GB ANDROID 15 + REGALO",XIAOMI,phones,NESSOUL E.I.R.L.,499.0,409.0,0
"CELULAR REDMI A7 6.88"" PULG. 3GB RAM 64GB ANDROID 15 + REGALO",XIAOMI,phones,NESSOUL E.I.R.L.,499.0,409.0,0
CELULAR BASICO LINK 4G DUAL SIM - NEGRO,UNONU,phones,D'TEEC  CORPORACION. CJ S.A.C,199.0,99.0,0
17 ULTRA VERDE ESTELAR 16 GB+512 GB.,XIAOMI,phones,XIAOMI TIENDA OFICIAL,5999.0,5299.0,0
17 ULTRA NEGRO 16 GB+512 GB,XIAOMI,phones,XIAOMI TIENDA OFICIAL,5999.0,5299.0,0
GALAXY A07 128GB 4GB RAM REGISTRADO NEGRO,SAMSUNG,phones,R & R CELULARES,689.0,559.0,0
IPHONE 17 PRO 5G 256GB AZUL CHIP FÍSICO.,APPLE,phones,MEGACEL PERU,9999.0,5349.0,0
"CELULAR REDMI A5 4GB RAM 128GB 6.88"" PULG. ANDROID 15 + REGALO",XIAOMI,phones,NESSOUL E.I.R.L.,659.0,469.0,0
CELULAR 4G T800 DOBLE LINTERNA Y BATERIA DE LARGA DURACION,VERYKOOL,phones,BELTEC IMPORT,189.0,159.99,0
IPHONE 13 MINI 256GB NEGRO REACONDICIONADO A2481,APPLE,phones,ELECTRONIC DEALS PE,1599.0,1369.0,0
REDMI 15 5G 8GB 256GB LIBRE - COLOR NEGRO,XIAOMI,phones,VAMTEL PERU,1100.0,989.0,0
"CELULAR BASICO CORN GT32 4G, AZUL",GENERICO,phones,IMPORTACIONES LUNA TEL,159.0,79.9,1
REDMI 15 5G 8GB 256GB LIBRE - COLOR NEGRO,XIAOMI,phones,VAMTEL PERU,1100.0,989.0,0
REDMI 15 5G 8GB 256GB LIBRE - COLOR NEGRO,XIAOMI,phones,VAMTEL PERU,1100.0,989.0,0
REPUESTO LENTE VIDRIO DE CÁMARA MOTOROLA G50 4G,GENERICO,phones,WORLD DC,,30.0,0
REPUESTO LENTE VIDRIO DE CÁMARA IPHONE 11 PRO,GENERICO,phones,WORLD DC,,35.0,0
IPHONE 17 PRO MAX INTELLIGENCE 512GB (ESIM) - DEEP BLUE + REGALO,APPLE,phones,OH PLAY,6999.0,5999.0,0
MAGIC 8 LITE 5G 8RAM 256GB DORADO,HONOR,phones,F MOBILE TECH,2179.0,1499.0,0
"CELULAR X5C 6.74"" PULG. 4GB RAM 64GB MAGICOS 9.0 - AZUL CIAN",HONOR,phones,NESSA SHOP PERU EIRL,699.0,439.0,0
"CELULAR X5C 6.74"" PULG. 4GB RAM 64GB MAGICOS 9.0 - PLATA METEORO",HONOR,phones,NESSA SHOP PERU EIRL,699.0,439.0,0
MAGIC 8 LITE 512GB 8GB NEGRO MEDIANOCHE.,HONOR,phones,MOVILES TELCEL,2059.0,1679.0,0
MAGIC 8 LITE 512GB 8GB VERDE BOSQUE.,HONOR,phones,MOVILES TELCEL,2059.0,1679.0,0
CELULAR TECNO POVA CURVE 2 - 5G 8GB+256GB,TECNO MOBILE,phones,MILLENNIALS,1769.0,1199.0,0
SMARTPHONE X5C PLUS 4GB RAM 256GB NEGRO,HONOR,phones,VAMTEL PERU,650.0,549.0,0
SMARTPHONE X5C PLUS 4GB RAM 256GB NEGRO,HONOR,phones,VAMTEL PERU,650.0,549.0,0
IPHONE 17 256GB ESIM 5G COLOR NEGRO+ CASE + MICA,APPLE,phones,FREE MOBILE,5899.0,3589.0,0
REDMI 15 5G 8GB 256GB LIBRE - COLOR NEGRO,XIAOMI,phones,VAMTEL PERU,1100.0,989.0,0
NOTE EDGE 5G 8GB 256GB - SILVER,INFINIX,phones,VAMTEL PERU,1400.0,1379.0,0
NOTE EDGE 5G 8GB 256GB - SILVER,INFINIX,phones,VAMTEL PERU,1400.0,1379.0,0
CELULAR A06 4G RAM 128GB NEGRO,SAMSUNG,phones,ALTEZA TECH,759.0,499.0,0
SMARTPHONE REDMI NOTE 15 NEGRO 8GB 256GB,XIAOMI,phones,MERCADO PERU EIRL,1089.0,939.0,0
CELULAR X7E 6GB - 256GB NARANJA,HONOR,phones,JA INNOVATION,1499.0,929.0,0
CELULAR X7E 6GB - 256GB NEGRO,HONOR,phones,JA INNOVATION,1499.0,929.0,0
A56 PRO 4+8GB RAM 128GB GRIS,ZTE,phones,VAMTEL PERU,699.0,539.0,0
IPHONE 17 PRO MAX 512GB (ESIM) - SILVER + MICA + CASE PROTECTOR + CARGADOR,APPLE,phones,MIAMI IMPORT,,7999.0,0
GALAXY A56 5G 12RAM 256GB NEGRO,SAMSUNG,phones,RD HOME TECH,1999.0,1749.0,0
REDMI 15C 4RAM 256GB AZUL,XIAOMI,phones,RD HOME TECH,899.0,549.0,0
"CELULAR REDMI NOTE 14 PRO 5G 6.67"" PULG. 8GB RAM 256GB - NEGRO",XIAOMI,phones,CORPORACION M & P,1699.0,1209.0,0
"CELULAR REDMI NOTE 14 PRO 5G 6.67"" PULG. 8GB RAM 256GB - NEGRO",XIAOMI,phones,CORPORACION M & P,1699.0,1209.0,0
GALAXY S26 ULTRA 256GB 12GB RAM COLOR AZUL,SAMSUNG,phones,N & R TELCOM,5999.0,3699.0,0
GALAXY S26 ULTRA 512GB -12GB RAM - SKY BLUE.,SAMSUNG,phones,MIAMI IMPORT,6299.0,4249.0,1
REDMI NOTE 15 PRO PLUS 5G -512GB-12RAM-COLOR NEGRO (EQUIPO REGISTRADO).,XIAOMI,phones,LIDER MOBILES,2020.0,1840.0,0
REACONDICIONADO IPHONE AIR A3260 (FULLY UNLOCKED) 256GB   (GRADE A+),APPLE,phones,WIRELESS SOURCE PE,4999.0,3819.0,0
PIXEL 8 REACONDICIONADO (TOTALMENTE LIBRE) 128GB  (GRADE A+),GOOGLE,phones,WIRELESS SOURCE PE,1699.0,1269.0,0
REACONDICIONADO PIXEL 9 G2YBB FULLY UNLOCKED 128GB  GRADE A+,GOOGLE,phones,WIRELESS SOURCE PE,2999.0,2279.0,0
GALAXY Z FLIP4 5G DESBLOQUEADO 128GB  REACONDICIONADO GRADE A+,SAMSUNG,phones,WIRELESS SOURCE PE,1599.0,1199.0,0
REACONDICIONADO GALAXY A13 5G A136U (FULLY UNLOCKED) 64GB  (GRADE A),SAMSUNG,phones,WIRELESS SOURCE PE,599.0,439.0,0
GALAXY A54 5G A546U REACONDICIONADO 128GB   GRADE A,SAMSUNG,phones,WIRELESS SOURCE PE,1499.0,1109.0,0
REACONDICIONADO GALAXY S21 FE 5G  (FULLY UNLOCKED) 128GB  (GRADE A+),SAMSUNG,phones,WIRELESS SOURCE PE,999.0,699.0,0
REACONDICIONADO GALAXY XCOVER6 PRO G736U (FULLY UNLOCKED) 128GB  (GRADE A),SAMSUNG,phones,WIRELESS SOURCE PE,999.0,699.0,0
REACONDICIONADO GALAXY XCOVER6 PRO G736U (FULLY UNLOCKED) 128GB  (GRADE A+),SAMSUNG,phones,WIRELESS SOURCE PE,999.0,739.0,0
A6 PRO 5G - 8GB RAM + 256GB - AZUL ( EQUIPO REGISTRADO ),OPPO,phones,OH SHOP,2999.0,1599.0,0
CELULAR 600E 8RAM 256GB VERDE,HONOR,phones,ALTEZA TECH,2499.0,1849.0,0
A6 PRO 5G - 8GB RAM + 256GB ( EQUIPO REGISTRADO ),OPPO,phones,OH SHOP,2999.0,1599.0,0
REPUESTO FLEX DE CARGA Y MICROFONO XIAOMI REDMI NOTE 13 PRO 4G,GENERICO,phones,WORLD DC,45.0,35.0,0
CELULAR GALAXY A54 5G 256GB 8GB RAM,SAMSUNG,phones,JA INNOVATION,1899.0,1379.0,0
CELULAR NOTE 17 6GB 256GB NEGRO,XIAOMI,phones,CORPORACION PORTAL,1499.0,1125.0,0
NOTE 17 6GB 256GB AZUL,XIAOMI,phones,LEDA TECH,1399.0,1139.0,0
SMARTPHONE NOTE 17 6GB 256GB AZUL,XIAOMI,phones,CADEZ TECHNOLOGY,1399.0,1135.0,0
CELULAR 600 5G 8GB+256GB + CHOICE WATCH BLANCO,HONOR,phones,VAMTEL PERU,2500.0,2059.0,0
CELULAR GALAXY A54 5G 256GB 8GB RAM,SAMSUNG,phones,ALTEZA TECH,1899.0,1499.0,0
CELULAR GALAXY A54 5G 256GB 8GB RAM,SAMSUNG,phones,ALTEZA TECH,1899.0,1499.0,0
CELULAR GALAXY A54 5G 256GB 8GB RAM,SAMSUNG,phones,JA INNOVATION,1899.0,1389.0,0
CELULAR GALAXY A54 5G 256GB 8GB RAM,SAMSUNG,phones,JA INNOVATION,1899.0,1379.0,0
"CELULAR X8D 6.77"" PULG. 8GB RAM 256GB MAGICOS 10 - AZUL LUMINOSO",HONOR,phones,NESSA SHOP PERU EIRL,1599.0,1079.0,0
CELULAR BASICO K7 4G DUAL SIM - AZUL,IPRO,phones,IMPORTACIONES LUNA TEL,109.0,74.9,1
CELULAR PLAY 10 3 + 64GB,HONOR,phones,INTX STORE,,379.0,0
CELULAR 600 PRO 12GB+512GB (5G) COLOR DORADO.,HONOR,phones,20 PRO,3399.0,3259.0,0
"GT 50 PRO 5G GAMER PACK, 12GB RAM - 256GB - NEGRO",INFINIX,phones,VAMTEL PERU,2500.0,2169.0,0
CELULAR BASICO K7 4G DUAL SIM - NEGRO,IPRO,phones,IMPORTACIONES LUNA TEL,109.0,74.9,1
"CELULAR REDMI 17 4G 6.9"" PULG. 6GB RAM 256GB HYPEROS 3 - AZUL OSCURO",XIAOMI,phones,NESSOUL E.I.R.L.,1499.0,979.0,0
X5C 4RAM 64GB AZUL.,HONOR,phones,SMART TECH RB,699.0,449.0,0
IPHONE 17 PRO ( ESIM ) 256GB + COMBO DE REGALO,APPLE,phones,LUCKA,5599.0,4999.0,0
CELULAR BASICO 105 4G TA-1659 DUAL SIM - AZUL,Nokia,phones,TEC RP,299.0,159.0,0
GALAXY S26 ULTRA 512GB 12GB RAM - BLANCO.,SAMSUNG,phones,FOX MÓVILES SAC,6999.0,4399.0,0
CELULAR BASICO 105 4G TA-1659 DUAL SIM - ROSADO,Nokia,phones,TEC RP,299.0,159.0,0
17T 5G 12RAM 512GB NUEVO COLOR - NEGRO,XIAOMI,phones,VAMTEL PERU,3000.0,2429.0,0
IPHONE 17 PRO - ESIM 256GB SILVER + CASE PROTECTOR + MICA,APPLE,phones,MIAMI IMPORT,5799.0,4679.0,0
17T 5G 12RAM 512GB NUEVO - MORADO .,XIAOMI,phones,GLOBAL CEL,3000.0,2439.0,0
17T 5G 12RAM 512GB NUEVO COLOR - NEGRO,XIAOMI,phones,VAMTEL PERU,3000.0,2429.0,0
SMARTPHONE NXTPAPER T612B 678 FHD+ 8GB RAM 256GB TRIPLE CÁMARA 50MP + 5MP + 2MP,TCL,phones,MUNDO ELECTRONICO,1399.0,979.0,0
IPHONE 17 EDICIÓN ESIM 256GB NEGRO,APPLE,phones,TUNOVO PERU,5999.0,3949.0,0
IPHONE 17 EDICIÓN ESIM 256GB LAVANDA.,APPLE,phones,TUNOVO PERU,5999.0,3949.0,0
CELULAR GT 50 PRO 5G 12GB+256GB,INFINIX,phones,MILLENNIALS,2389.0,2069.0,0
CELULAR TECNO SPARK GO 3 4GB+64GB,TECNO MOBILE,phones,MILLENNIALS,689.0,385.0,0
17T 5G 12RAM 512GB NEGRO + WATCH 5 LITE COLOR NEGRO.,XIAOMI,phones,GLOBAL CEL,3000.0,2539.0,0
CELULAR BASICO NEO 3G DUAL SIM - AZUL,PROLINK,phones,DANLU IMPORT,179.0,69.0,0
CELULAR BASICO NEO 3G DUAL SIM - GRIS,PROLINK,phones,DANLU IMPORT,179.0,69.0,0
CELULAR BLADE A56 PRO Z2474 4GB + 128GB DORADO,ZTE,phones,FALABELLA,,549.0,0
IPHONE 17 PRO - ESIM 256GB DESERT AZUL + MICA + CASE PROTECTOR.,APPLE,phones,MIAMI IMPORT,5799.0,4679.0,0
IPHONE 17 PRO 256GB ESIM - COSMIC ORANGE + CASE + CARGADOR,APPLE,phones,MIAMI IMPORT,6799.0,4699.0,0
TECNO SPARK 40 PRO PLUS 256GB 8+8 MOON TITANIUM REGISTRADO,TECNO MOBILE,phones,PRIME MOBILE,1099.0,859.0,0
CELULAR MOTO G17128GB 4GB-ARANDANO,MOTOROLA,phones,VAMTEL PERU,599.0,529.0,0
X5C PLUS 4RAM 256GB AZUL,HONOR,phones,RD HOME TECH,799.0,499.0,0
BLADE A56 4G 4GB RAM + 8GB INTERNA + 128GB NEGRO,ZTE,phones,MARKETCELLPERU,599.0,389.0,0
MAGIC 8 LITE 512GB 8GB RAM REGISTRADO VERDE.,HONOR,phones,N & R TELCOM,1999.0,1629.0,0
NUEVO IPHONE 17 PRO ESIM 256GB + REGALO,APPLE,phones,OH PLAY,6499.0,4599.0,0
"CELULAR 400 LITE 5G 12GB RAM 256GB 6.67"" PULG. ANDROID 15 - PLATEADO",HONOR,phones,NESSOUL E.I.R.L.,1899.0,1439.0,0
IPHONE 16 A3081 (TOTALMENTE DESBLOQUEADO) 128GB  (GRADE A) REACONDICIONADO,APPLE,phones,WIRELESS SOURCE PE,3699.0,2839.0,0
REACONDICIONADO IPHONE 15 PRO  (FULLY UNLOCKED) 512GB   (GRADE A+),APPLE,phones,WIRELESS SOURCE PE,3899.0,2979.0,0
REACONDICIONADO IPHONE 15 PRO MAX A2849 (FULLY UNLOCKED) 256GB   (GRADE A),APPLE,phones,WIRELESS SOURCE PE,3899.0,2959.0,0
IPHONE 16 A3081 LIBERADO 256GB  REACONDICIONADO GRADE A,APPLE,phones,WIRELESS SOURCE PE,4099.0,3099.0,0
REACONDICIONADO IPHONE 15 PRO MAX A2849 (FULLY UNLOCKED) 512GB   (GRADE A+),APPLE,phones,WIRELESS SOURCE PE,4199.0,3209.0,0
REACONDICIONADO IPHONE 16 PRO A3083 (FULLY UNLOCKED) 256GB   (GRADE A),APPLE,phones,WIRELESS SOURCE PE,4499.0,3449.0,0
REACONDICIONADO IPHONE 16 PRO A3083 (FULLY UNLOCKED) 128GB   (GRADE A+),APPLE,phones,WIRELESS SOURCE PE,4199.0,3209.0,0
REACONDICIONADO IPHONE 16 PRO MAX A3084 (FULLY UNLOCKED) 256GB   (GRADE A),APPLE,phones,WIRELESS SOURCE PE,4999.0,3819.0,0
IPHONE 16 PRO MAX A3084 (TOTALMENTE LIBERADO) 256GB   (GRADE A+),APPLE,phones,WIRELESS SOURCE PE,5099.0,3919.0,0
REACONDICIONADO IPHONE 17 A3258 (FULLY UNLOCKED) 256GB  (GRADE A),APPLE,phones,WIRELESS SOURCE PE,4799.0,3679.0,0
PIXEL 8 REACONDICIONADO (TOTALMENTE LIBRE) 128GB  (GRADE A+),GOOGLE,phones,WIRELESS SOURCE PE,1699.0,1269.0,0
NOTE EDGE 5G 8GB 256GB NEGRO,INFINIX,phones,VAMTEL PERU,1400.0,1379.0,0
REPUESTO FLEX DE CARGA Y MICROFONO XIAOMI MI 9T,GENERICO,phones,WORLD DC,45.0,35.0,0
REPUESTO FLEX DE CARGA Y MICROFONO XIAOMI MI 12,GENERICO,phones,WORLD DC,45.0,35.0,0
14T PRO 5G 12GB+512GB NEGRO,XIAOMI,phones,IX COMERCIO,,3299.0,1
REACONDICIONADO GALAXY S23 FE S711U (FULLY UNLOCKED) 128GB,SAMSUNG,phones,WIRELESS SOURCE PE,1699.0,1249.0,0
GALAXY S23 5G REACONDICIONADO 256GB  GRADE A+,SAMSUNG,phones,WIRELESS SOURCE PE,2299.0,1759.0,0
GALAXY S23 PLUS 5G REACONDICIONADO 256GB  GRADE A,SAMSUNG,phones,WIRELESS SOURCE PE,2199.0,1619.0,0
REACONDICIONADO GALAXY S23 PLUS 5G S916U (FULLY UNLOCKED) 512GB  (GRADE A+),SAMSUNG,phones,WIRELESS SOURCE PE,2599.0,1949.0,0
REACONDICIONADO GALAXY S25 (FULLY UNLOCKED) 256GB   (GRADE A+),SAMSUNG,phones,WIRELESS SOURCE PE,3899.0,2929.0,0
REACONDICIONADO GALAXY S24 ULTRA 5G (FULLY UNLOCKED) 512GB   (GRADE A+),SAMSUNG,phones,WIRELESS SOURCE PE,4399.0,3309.0,0
GALAXY S24 ULTRA 5G (DESBLOQUEADO) 512GB   (GRADE A) REACONDICIONADO,SAMSUNG,phones,WIRELESS SOURCE PE,4299.0,3259.0,0
"CELULAR REDMI A7 PRO 4G 64GB, 4GB RAM, CÁMARA TRASERA 13MP Y FRONTAL 8MP, 6.9"", AZUL",XIAOMI,phones,COOLBOX,509.0,359.0,0
"CELULAR REDMI NOTE 14 PRO PLUS 6.67"" PULG. 8GB RAM 256GB HYPEROS - MIDNIGHT BLACK",XIAOMI,phones,NESSOUL E.I.R.L.,1899.0,1419.0,0
MOTO G06 4RAM 128GB AZUL,MOTOROLA,phones,F MOBILE TECH,699.0,499.0,0
CELULAR X7D 8GB RAM 256GB NEGRO / NEGRO / NEGRO,HONOR,phones,JA INNOVATION,1000.0,949.0,0
IPHONE 12 PRO MAX (LIBRE) 256GB (GRADE A+),APPLE,phones,WIRELESS SOURCE PE,2399.0,1789.0,0
REACONDICIONADO IPHONE 12 PRO MAX A2342 (FULLY UNLOCKED) 128GB  (GRADE A+),APPLE,phones,WIRELESS SOURCE PE,2199.0,1669.0,0
"LAPTOP GAMER VICTUS BY 15-FB3031LA, AMD RYZEN 7, 12 GB RAM, NVIDIA GEFORCE RTX 3050, 512 GB SSD, 15.6"" FHD, WINDOWS 11 HOME",HP,laptops,FALABELLA,6599.0,3449.0,1
"LAPTOP OMNIBOOK 3 14-HU0052LA INTEL CORE 5 120U 8GB RAM 512GB SSD 14"" TÁCTIL 2K",HP,laptops,FALABELLA,3799.0,2399.0,1
"LAPTOP OMNIBOOK 3 14-HU0052LA INTEL CORE 5 120U 8GB RAM 512GB SSD 14"" TÁCTIL 2K",HP,laptops,FALABELLA,3799.0,2399.0,1
"LAPTOP INTEL CORE 5 8GB 512GB SSD IDEAPAD SLIM 3I 15.3"" IPS WUXGA",LENOVO,laptops,FALABELLA,4399.0,2599.0,1
"GAMING V16 INTEL CORE 5 210H 8GB 512SSD RTX3050 16"" WUXGA",ASUS,laptops,FALABELLA,6999.0,2899.0,0
"LAPTOP IDEAPAD 5 2 EN 1 SERIE 300 AMD RYZEN AI 7 350 16GB RAM 512 GB SSD 14"" WUXGA TOUCH",LENOVO,laptops,FALABELLA,5799.0,4099.0,0
"LAPTOP GAMER VICTUS BY 15-FA2018LA, INTEL CORE I5, 8 GB RAM, NVIDIA GEFORCE RTX 4050, 512 GB SSD, 15.6"" FHD 144 HZ, WINDOWS 11 HOME",HP,laptops,FALABELLA,5799.0,3399.0,1
"LAPTOP OMNIBOOK 3 AI 14-HT0061LA, INTEL CORE 5, 8 GB RAM, 512 GB SSD, 14"" TÁCTIL 2K, WINDOWS 11 HOME",HP,laptops,FALABELLA,4699.0,2599.0,1
"LAPTOP AI 15-FD2351LA, INTEL CORE ULTRA 5, 8 GB RAM, 512 GB SSD, 15.6"" TÁCTIL FHD, WINDOWS 11 HOME",HP,laptops,FALABELLA,3899.0,3199.0,1
"LAPTOP GAMER LOQ ESSENTIAL SERIE 7000 AMD RYZEN 7 7735HS RTX 4050 16GB RAM 512GB SSD 15.6"" FHD 144HZ",LENOVO,laptops,FALABELLA,6699.0,4299.0,1
"TUF GAMING F16 INTEL CORE 5 205H 8GB 512SSD RTX3050 16"" FHD+",ASUS,laptops,FALABELLA,7199.0,3399.0,1
MACBOOK NEO 512GB - ÍNDIGO,APPLE,laptops,TECHNOLOGY SUPPLIER PE,4539.0,3699.0,1
"LAPTOP GAMER VICTUS BY 15-FA2018LA, INTEL CORE I5, 8 GB RAM, NVIDIA GEFORCE RTX 4050, 512 GB SSD, 15.6"" FHD 144 HZ, WINDOWS 11 HOME",HP,laptops,FALABELLA,5799.0,3399.0,1
"LAPTOP IDEAPAD SLIM 3I INTEL CORE I5 16GB RAM 512GB SSD 15.3"" WUXGA",LENOVO,laptops,FALABELLA,4999.0,2799.0,0
"LAPTOP VIVOBOOK 15 INTEL CORE 5 120U 8GB 512SSD 15.6"" FHD + MOCHILA + MOUSE",ASUS,laptops,FALABELLA,4899.0,2199.0,1
"LAPTOP AMD RYZEN IA 7 350 32GB 1TB SSD YOGA 7 2 EN 1 14"" OLED WUXGA TACTIL",LENOVO,laptops,FALABELLA,7199.0,5099.0,0
LAPTOP GAMER NITRO V AMD RYZEN 7-7445HS 32GB 1TB 15.6 165HZ FHD NVIDIA GEFORCE RTX 4050,ACER,laptops,FALABELLA,,9499.0,0
MACBOOK AIR CHIP M5 13.6” 16GB RAM 512GB SSD,APPLE,laptops,FALABELLA,6399.0,5899.0,1
"LAPTOP GAMER LEGION 5I 13VA GEN INTEL CORE I7 RTX 5060 16GB RAM 1TB SSD 15.3""",LENOVO,laptops,FALABELLA,11199.0,6199.0,0
LAPTOP IDEAPAD SLIM 3 15IRH10 CI7 13620H 16GB RAM 1TB SSD 15.3 WUXGA IPS-83K1016ELM.,LENOVO,laptops,A & I REAL COLORS,4489.0,3049.0,1
"LAPTOP YOGA SLIM 7I INTEL CORE ULTRA 5 16 GB RAM 512 GB SSD 14""",LENOVO,laptops,FALABELLA,5099.0,3149.0,0
"TUF GAMING A15 AMD RYZEN 7 8845HS 8GB 512SSD RTX3050 15.6"" FHD",ASUS,laptops,FALABELLA,6699.0,3399.0,1
"LAPTOP AMD RYZEN 5 8GB 512GB SSD IDEAPAD SLIM 3 SERIE 7000 15.6"" FHD + MALETÍN",LENOVO,laptops,FALABELLA,3799.0,2099.0,0
LAPTOP LEGION PRO 7I 16IAX10H INTEL CORE ULTRA 9 32GB,LENOVO,laptops,FALABELLA,,15699.0,0
"VIVOBOOK GO 15 AMD RYZEN 5 40 8GB 512SSD 15.6"" FHD",ASUS,laptops,FALABELLA,3699.0,2099.0,1
"VIVOBOOK 15 AMD RYZEN 9 7940HS 16GB 512SSD 15.6"" FHD",ASUS,laptops,FALABELLA,5999.0,3199.0,1
MACBOOK AIR CHIP M5 15.3 10C GPU 16GB RAM 512GB,APPLE,laptops,FALABELLA,,6599.0,1
"LAPTOP GAMER VICTUS BY 15-FB3031LA, AMD RYZEN 7, 12 GB RAM, NVIDIA GEFORCE RTX 3050, 512 GB SSD, 15.6"" FHD, WINDOWS 11 HOME",HP,laptops,FALABELLA,6599.0,3449.0,1
"LAPTOP OMNIBOOK 3 AI 14-HT0061LA, INTEL CORE 5, 8 GB RAM, 512 GB SSD, 14"" TÁCTIL 2K, WINDOWS 11 HOME",HP,laptops,FALABELLA,4699.0,2599.0,1
LAPTOP PROBOOK 640 G8 I5 11VA 16GB RAM 512GB SSD REACONDICIONADA HD + COOLER + MALETIN + MOUSE.,HP,laptops,DELTAPC2010,2999.0,1799.0,1
LAPTOP IDEAPAD SLIM3 14ARP10 AMDR7-7735HS 16GB RAM 512GB SSD PANTALL 14 WUXGA -83K6005DLM.,LENOVO,laptops,A & I REAL COLORS,4239.0,2849.0,1
"LAPTOP IDEAPAD SLIM 5I 14"" IMH10 CORE ULTRA9 16G",LENOVO,laptops,FALABELLA,4599.0,3899.0,0
"LAPTOP ASPIRE LITE INTEL CORE I7-13620H 16GB 512 GB 15.6"" FHD",ACER,laptops,FALABELLA,4699.0,3099.0,1
"LAPTOP V15 G4 AMN, AMD RYZEN 3-7320U 8GB RAM 256GB SSD 156 FHD 82YU00X4LM",LENOVO,laptops,A & I REAL COLORS,2399.0,1729.0,1
"LAPTOP OMNIBOOK X 14-KC0070LA, AMD RYZEN AI 7, 16 GB RAM, 512 GB SSD, 14"" TÁCTIL 2K OLED, WINDOWS 11 HOME",HP,laptops,FALABELLA,6599.0,5599.0,1
LAPTOP 15-FC0372LA R7 16GB 512GB W11,HP,laptops,IX COMERCIO,4499.0,2559.0,1
LAPTOP 14 INCH HD AMD ATHLON 7120 4GB RAM 128GB UFS WIN 11 AZUL LUNAR,HP,laptops,DISCOUNT TECH MIAMI PE,1399.0,1329.0,1
"LAPTOP V15 G5 IRL CORE I3-1315U / RAM 8GB DDR5, SSD 512GB / 15.6 FHD - 83GW005MLD.",LENOVO,laptops,A & I REAL COLORS,2839.0,1899.0,1
"LAPTOP OMNIBOOK 3 AI 14-HT0061LA, INTEL CORE 5, 8 GB RAM, 512 GB SSD, 14"" TÁCTIL 2K, WINDOWS 11 HOME",HP,laptops,FALABELLA,4699.0,2599.0,1
MACBOOK NEO 512GB - CITRUS,APPLE,laptops,TECHNOLOGY SUPPLIER PE,4539.0,3699.0,1
"LAPTOP OMNIBOOK ULTRA 14-KD0070LA, INTEL CORE ULTRA 7, 16 GB RAM, 1 TB SSD, 14"" TÁCTIL 3K, WINDOWS 11 HOME",HP,laptops,FALABELLA,8099.0,7099.0,1
"LAPTOP GAMER NITRO LITE INTEL CORE I5-13420H 16GB 512 GB 15.6"" 165 HZ FHD",ACER,laptops,FALABELLA,5399.0,3499.0,1
"LAPTOP IDEAPAD SLIM 3 AMD RYZEN 5 8GB RAM 512GB SSD 15.6"" FHD",LENOVO,laptops,TOTTUS,2699.0,2099.0,1
"LOQ 15ARP10E RYZEN 7-7735HS, 16GB RAM, 512GB SSD, RTX 3050 6GB, 15.6″ FHD, WINDOWS 11",LENOVO,laptops,MUNDO LAPTOP,6000.0,3649.0,0
"LAPTOP LEGION PRO 7I INTEL CORE ULTRA 9NVIDIA GEFORCE RTX 5070 TI 32GB RAM 2TB SSD 16"" WQXGA 240 HZ.",LENOVO,laptops,LENOVO TIENDA OFICIAL,15599.0,13699.0,1
LAPTOP LOQ 15IAX9 INTEL CORE I5-12450HX 16GB DDR5-4800 512GB SSD NVME M.2 NVIDIA GEFORCE RTX 3050 6GB WINDOWS 11 PRO LATINOAMERICANO RETROILUMINADO,LENOVO,laptops,CUADRADO ELECTRONICS,4099.0,3399.0,0
"LAPTOP ASPIRE GO CI5 (13H) 8GB 512GB 15.6"" FHD GREEN",ACER,laptops,FALABELLA,3799.0,2599.0,0
"MACBOOK AIR 2017 13.3"" INTEL CORE I5 8GB RAM 128GB SSD REACONDICIONADO.",APPLE,laptops,MZ SHOP PE,1499.0,859.0,1
"LAPTOP GAMER HYPERX OMEN BY 15-GA0001LA, INTEL CORE I7, 16 GB RAM, NVIDIA GEFORCE RTX 5060, 512 GB SSD, 15.3"" 2K 165 HZ, WINDOWS 11 HOME",HP,laptops,FALABELLA,9299.0,6599.0,1
"VICTUS 15-FB3022LA RYZEN 7-7445HS, 16GB RAM, 512GB SSD, RTX 4050 6GB, 15.6″ FHD",HP,laptops,MUNDO LAPTOP,5099.0,3999.0,0
"LAPTOP 15-FC0275LA-AMD RYZEN 7 7730U/ 16GB RAM/ 512GB SSD/15.6"" FHD-B9TR3LA.",HP,laptops,ROIS COMPUTER S.A.C.,4169.0,2729.0,1
"LAPTOP GAMER ROG STRIX G16 (2025) RYZEN 9 SSD 1TB RAM 32GB NVIDIA RTX5070TI 16"" IPS 165HZ.",ASUS,laptops,LAPTOPSHOP PERU.,12899.0,9999.0,0
"PREDATOR HELIOS NEO 16S AI CORE ULTRA 9-275HX, 16GB RAM, 1TB SSD, RTX 5060 8GB, 16″ WQXG OLED",ACER,laptops,MUNDO LAPTOP,9999.0,6899.0,0
LAPTOP 15-FC0372LA R7 16GB 512GB W11,HP,laptops,IX COMERCIO,4499.0,2559.0,1
"LAPTOP LEGION 5I INTEL CORE ULTRA 7 NVIDIA GEFORCE RTX 5060 8GB 32GB RAM 1TB SSD 15.1"" WQXGA 165 HZ",LENOVO,laptops,LENOVO TIENDA OFICIAL,10399.0,8299.0,1
MACBOOK PRO 14″ M5 16GB RAM + 1TB SSD (TECLADO INGLES) - SPACE BLACK,APPLE,laptops,OH SHOP,9999.0,7599.0,1
"LAPTOP OMNIBOOK X 14-KC0070LA, AMD RYZEN AI 7, 16 GB RAM, 512 GB SSD, 14"" TÁCTIL 2K OLED, WINDOWS 11 HOME",HP,laptops,FALABELLA,6599.0,5599.0,1
LAPTOP 15-FC0372LA R7 16GB 512GB W11,HP,laptops,IX COMERCIO,4499.0,2559.0,1
MACBOOK PRO 16″ M5 PRO 24GB RAM + 1TB SSD ( TECLADO INGLES ) - SPACE BLACK,APPLE,laptops,OH SHOP,25000.0,11499.0,1
LAPTOP GAMING V16 C7 240H 512GB 8GB RTX3050,ASUS,laptops,TOTTUS,5499.0,3599.0,1
LAPTOP PROBOOK 640 G8 I5 11VA 16GB RAM 1TB SSD REACONDICIONADA FHD + COOLER + MALETIN + MOUSE,HP,laptops,DELTAPC2010,2999.0,1899.0,0
"LAPTOP 14"" FULL HD AMD 4GB RAM DDR4, 64GB,WIN10 EN LIQUIDACION P/N: 81MQ00AKLM",LENOVO,laptops,TECNOLOGIA INFORMATICA Y CONSULTORIA,,917.78,0
"LAPTOP IDEAPAD SLIM 3 AMD RYZEN 5 8GB RAM 512GB SSD 15.6"" FHD",LENOVO,laptops,TOTTUS,2699.0,2099.0,1
LAPTOP PROBOOK 440 G8 I5 11VA 16GB RAM 512GB SSD REACONDICIONADA GARANTÍA 1 AÑO + COOLER.,HP,laptops,DELTAPC2010,2499.0,1799.0,1
LAPTOP SWIFT 14 AI AMD RYZEN™ AI 9 365 32 GB 1 TB SSD WUXGA (1920 X 1200),ACER,laptops,FALABELLA,8999.0,5999.0,1
"ZENBOOK S 16 AMD RYZEN AI 9 465 24GB 512SSD 16"" 3K OLED",ASUS,laptops,FALABELLA,11899.0,7499.0,1
LAPTOP VICTUS R5 7535HS 12GB 512GB RTX3050,HP,laptops,TOTTUS,5199.0,3139.0,1
"LAPTOP IDEAPAD SLIM 3 15IRH10 15.3"" WUXGA IPS, CORE I7-13620H, RAM 16GB, SSD 1 TB, WIN 11 PRO",LENOVO,laptops,GORANTEX PERU SAC,4643.0,3249.0,0
LAPTOP ROG STRIX G18 (2025) U9 16GB 1TB 5070 TI 12GB,ASUS,laptops,TIENDA OFICIAL ASUS,15198.67,11399.0,1
LAPTOP NUEVA CORE I5 13VA GEN 16GB RAM DDR5 1TB SSD 500GB HDD EXTERNO,LENOVO,laptops,DELTAPC2010,3739.0,3269.0,1
"MACBOOK NEO 13″ A18 PRO, 8GB RAM, 256GB SSD INTELLIGENCE - TECLADO ESPAÑOL",APPLE,laptops,CASEMOTIONS SAC,3999.0,3199.0,0
LAPTOP IP5 2 EN 1 R7 AI 350 16GB 512 SSD,LENOVO,laptops,TOTTUS,3999.0,3699.0,1
"VIVOBOOK 14 INTEL CORE 5 315 8GB 512SSD 14"" FHD",ASUS,laptops,FALABELLA,4999.0,3499.0,1
LAPTOP GAMING VICTUS 15-FB3093DX - AMD RYZEN 7 7445HS 16GB 512GB RTX 4050 6GB 15.6″ FHD 144HZ W11,HP,laptops,SEVEN SHOP,5899.0,4650.0,0
"LAPTOP LEGION PRO 7 16IRX9H/ INTEL CORE I9-14900HX / 32GB / 1 TB SSD / RTX 4090 / 16""240HZ.",LENOVO,laptops,MORAL STORE,16499.0,14999.0,0
LAPTOP THINKPAD X1 YOGA GEN 5 QHD TÁCTIL CORE I7 10TH 16GB 512GB (REACONDICIONADO),LENOVO,laptops,HT ELECTRONIC EQUIPMENT,2899.0,2499.0,0
"LAPTOP IDEAPAD SLIM 3 15IRH10 15.3"" WUXGA IPS, CORE I7-13620H, RAM 16GB, SSD 1 TB, WIN 11 PRO",LENOVO,laptops,GORANTEX PERU SAC,4250.0,3249.0,0
MACBOOK PRO 16″ ( M5 PRO ) 24GB RAM + 1TB SSD ( TECLADO INGLES ) - SPACE BLACK,APPLE,laptops,OH GLOBAL  S.A.C.,15999.0,14999.0,0
"VIVOBOOK GO 15 , RYZEN 5-40, 8GB RAM, 512GB SSD, 15.6″ FHD, WINDOWS 11 , TECLADO EN ESPAÑOL.",ASUS,laptops,MUNDO LAPTOP,2999.0,1999.0,0
MACBOOK PRO 14″ M5 16GB RAM + 1TB SSD (TECLADO INGLES) - SILVER,APPLE,laptops,OH SHOP,9999.0,7599.0,1
MACBOOK NEO 13 CHIP A18 PRO 8GB RAM 512GB SSD TOUCH ID TECLADO INGLES - BLUSH,APPLE,laptops,INNOVATECH IMPORT,4699.0,4199.0,0
"LAPTOP GAMING V16 V3607VJ-RP096W CORE 7 240H 16GB RAM DDR5 512GB RTX 3050 6GB 16 """,ASUS,laptops,ZAVITECH,6200.0,4599.0,0
"LAPTOP 15-FD0260LA INTEL CORE 5 120U, 16GB RAM, 512GB SSD 15.6""-B9TX9LA",HP,laptops,ROIS COMPUTER S.A.C.,3849.0,2499.0,0
"REACONDICIONADO LAPTOP YOGA BOOK 9 13IMU9 CORE ULTRA 7-155U 16GB 1TB SSD 13"" (83FF0000US)",LENOVO,laptops,NORTICO PE,,7849.0,0
LAPTOP NUEVA CORE I5 13VA GEN 16GB RAM DDR5 1TB SSD 500GB HDD EXTERNO,LENOVO,laptops,DELTAPC2010,3739.0,3269.0,1
"VIVOBOOK GO 15 , RYZEN 5-40, 8GB RAM, 512GB SSD, 15.6″ FHD, WINDOWS 11 , TECLADO EN ESPAÑOL.",ASUS,laptops,MUNDO LAPTOP,2999.0,1999.0,0
"LAPTOP LEGION 7I (INCLUYE JUEGO CONTROL RESONANT) ULTRA 9 RTX 5070 8GB 32G RAM 2TB SSD 16""",LENOVO,laptops,LENOVO TIENDA OFICIAL,13899.0,11599.0,1
"LAPTOP GAMER ROG STRIX G16 RYZEN 9 8940HX 16GB 1TB SSD RTX 5070 16"" 165HZ G614PP-WH94",ASUS,laptops,JA INNOVATION,9999.0,8369.0,0
YOGA 7 2 EN 1 2026 16' ULTRA 7 155U 1TB 16GB SSD TACTIL TOUCHSCREEN ULTRA VELOZ.,LENOVO,laptops,GAMING POWER PERU,4999.0,4550.0,0
LAPTOP GAMER LOQ 15IRX10 CI7-13700HX 16GB RAM 512GB SSD 15.6 RTX 5050 8GB-83JE00Q8LM.,LENOVO,laptops,A & I REAL COLORS,7459.0,5829.0,0
LAPTOP PROBOOK 640 G8 I5 11VA 16GB RAM 1TB SSD REACONDICIONADA FHD + COOLER + MALETIN + MOUSE,HP,laptops,DELTAPC2010,2999.0,1899.0,0
IMAC I7 4.6 GHZ 16GB RAM 500GB SSD + HDD 1TB VIDEO 2GB GDDR5 21.5.,APPLE,laptops,DELTAPC2010,3499.0,2289.0,1
LAPTOP THINKPAD T16 GEN 4 INTEL CORE ULTRA 5 24GB RAM 512GB SSD 16.,LENOVO,laptops,LENOVO TIENDA OFICIAL,7499.0,5899.0,0
LAPTOP LATITUDE 5330 2 IN 1 CORE I7-1265U 512GB 32GB DDR4 13.3 W11 PRO TOUCHSCREEN REACONDICIONADO,Dell,laptops,IVANCE ELECTRONIC ONLINE,2599.0,2199.0,0
"LAPTOP PROBOOK 640 G8 - INTEL CORE I5 DE 11.ª GEN - 16 GB RAM DDR4 - 512 GB NVME - 14"".",HP,laptops,FICA GROUP,1699.0,1550.0,0
"TUF GAMING A16 AMD RYZEN 9 8940HX 16GB 512SSD RTX5070 16"" FHD+",ASUS,laptops,FALABELLA,12899.0,7999.0,0
LAPTOP V15 G5 IRL INTEL CORE I5-13420H 16GB RAM 512GB SSD 15.6” FHD-83GW005JLD,LENOVO,laptops,A & I REAL COLORS,3879.0,2689.0,0
"LAPTOP 15-FD0127DX 15.6"" FHD TOUCH SCREEN IPS INTEL® CORE™ 7 150U 16GB RAM 512GB SSD - B4HN8UA",HP,laptops,SL COMERCIO,6400.0,3209.0,0
"LAPTOP 15-FC0039W AMD RYZEN 5 7520U 15.6"" FHD 8GB DDR5 256GB SSD WIN 11 HOME ROSADO ORO",HP,laptops,HOGAR_SMART,,2899.0,0
LAPTOP VICTUS GAMING 15-FA2082 INTEL CORE I5-13420H 16GB RAM 512GB SSD RTX 4050-6GB 15.6 FHD B5EQ3UA,HP,laptops,CADEZ TECHNOLOGY,7780.0,3989.0,0
"LEGION PRO 5 16IRX10 83NN0058LM CORE I9-14900HX, 32GB RAM, 1TB SSD, RTX 5060 8GB, 16″ WQXGA",LENOVO,laptops,MUNDO LAPTOP,9999.0,7749.0,0
LAPTOP ROG STRIX G16 G615JMR-AS74 INTEL CORE I7-14650HX 16GB RAM 1TB SSD GEFORCE RTX 5060,ASUS,laptops,LEDA TECH,14600.0,7349.0,0
LAPTOP TUF GAMING F16 INTEL CORE 5-210H NVIDIA 6GB RTX3050 16GB RAM 1TB SSD 16″ WUXGA 144HZ,ASUS,laptops,LAPTOPSHOP PERU.,5099.0,4299.0,0
"LAPTOP IDEAPAD SLIM 3 15IRH10 INTEL CORE I7-13620H 16GB DDR5 1TB SSD 15.3"" WUXGA W11 PRO 83K1",LENOVO,laptops,VICTORIA ILIMITADA,4199.0,3049.0,0
MACBOOK PRO 14″ M5 16GB RAM + 1TB SSD (TECLADO INGLES) - SPACE BLACK,APPLE,laptops,BAKO,9999.0,7599.0,1
"LAPTOP IDEAPAD SLIM 3 14ARP10 14"" OLED WUXGA, RYZEN 7-7735HS, RAM 16 GB, SSD 512 GB, WIN 11",LENOVO,laptops,GORANTEX PERU SAC,3409.0,2949.0,0
MACBOOK PRO 2019 16 PULGADAS INTEL CORE I9 16GB RAM 1TB SSD GRIS REACONDICIONADO,APPLE,laptops,GLOBAL RENEW PE,5749.0,2849.0,0
"RAIDER 18 INTEL CORE ULTRA 9 285HX RAM 32GB DISCO 1TB SSD RTX5080 16GB 18"" 240HZ WIN11.",Msi,laptops,DM COMPUTO,15000.0,13299.0,0
"LAPTOP IDEAPAD 5 2 IN 1 14AKP10 RYZEN AI 7 350 RAM 16GB SSD 512GB 14"" WUXGA TOUCH WINDOS 11.",LENOVO,laptops,CORPORACION CHARATEC,4885.0,3489.0,0
MACBOOK NEO 8GB 512GB,APPLE,laptops,FALABELLA,,4399.0,0
"LAPTOP LOQ 15IAX9, CI5-12450HX, 8GB RAM/ 512GB SSD/ 15.6” FHD/ RTX 3050 6GB - 83GS006WLM",LENOVO,laptops,A & I REAL COLORS,4549.0,3609.0,0
"LAPTOP VIVOBOOK 15 M1502NAQ-BQ041 AMD RYZEN 7-170 RAM 16GB SSD 512GB/15,6 FHD 90NB1842-M00220.",ASUS,laptops,A & I REAL COLORS,4239.0,3099.0,1
IMAC I7 4.6 GHZ 16GB RAM 500GB SSD + HDD 1TB VIDEO 2GB GDDR5 21.5.,APPLE,laptops,DELTAPC2010,3499.0,2289.0,1
"LAPTOP VIVOBOOK 15 M1502NAQ-BQ041 AMD RYZEN 7-170 RAM 16GB SSD 512GB/15,6 FHD 90NB1842-M00220.",ASUS,laptops,A & I REAL COLORS,4239.0,3099.0,1
"LAPTOP IDEAPAD SLIM 3 14IRH10 14” OLED WUXGA, CORE I5-13420H, RAM 16GB, SSD 512GB, WIN 11",LENOVO,laptops,GORANTEX PERU SAC,3729.0,2999.0,0
"LAPTOP GAMING NITRO LITE 16"" INTEL CORE I5-13420H, 16GB DDR5, SSD 512GB, RTX 3050 6GB, FREEDOS",ACER,laptops,PC YA EMPRESARIAL,3999.0,3399.0,0
"LAPTOP VIVOBOOK 16"" WUXGA INTEL CORE I9-13900H 16GB RAM 1TB SSD WINDOWS 11 COOL SILVER.",ASUS,laptops,TECHPRO STORE,5299.0,3749.0,0
"LAPTOP TUF GAMING F16 2025 INTEL CORE I7 14650HX RAM 32GB SSD 1TB RTX 5060 16"" WUXGA 165HZ.",ASUS,laptops,LAPTOPSHOP PERU.,7999.0,7199.0,0
"15-FC0276LA RYZEN 7-7730U, 16GB RAM, 1TB SSD, 15.6″ FHD, WINDOWS 11.",HP,laptops,MUNDO LAPTOP,4199.0,2999.0,0
"LAPTOP LOQ ESSENTIAL AMD RYZEN 7 16GB RAM 512GB SSD RTX 4050 6GB 15.6"" FHD 144HZ",LENOVO,laptops,TOTTUS,5199.0,4599.0,0
IMAC I7 4.6 GHZ 16GB RAM 500GB SSD + HDD 1TB VIDEO 2GB GDDR5 21.5.,APPLE,laptops,DELTAPC2010,3499.0,2289.0,1
"GAMING VICTUS INTEL CORE I5,13420H 8 GB RAM, NVIDIA GEFORCE RTX 3050-6GB, 512 GB SSD, 15.6"" FHD 144 HZ + KID.",HP,laptops,VEXMA S.A.C.,4999.0,3099.0,0
"LAPTOP VIVOBOOK 16 INTEL CORE 9 270H 16GB 512GB SSD 16"" WUXGA WIN11.",ASUS,laptops,STARK COMPUTER,4999.0,3599.0,0
"LAPTOP OMNIBOOK X FLIP 14 2 EN 1 INTEL CORE ULTRA 5 226V 16GB RAM 512GB SSD 14"" TOUCH WINDOWS 11",HP,laptops,GRUPO R & Q S.A.C,4999.0,3839.0,0
LAPTOP IDEAPAD SLIM 5 GEN 10 INTEL CORE I7 16GB RAM 1TB SSD 16'',LENOVO,laptops,LENOVO TIENDA OFICIAL,5699.0,4399.0,1
MACBOOK PRO 14″ M5 PRO 24GB RAM + 1TB SSD TECLADO INGLES - SPACE BLACK,APPLE,laptops,OH SHOP.,12999.0,9999.0,1
"LAPTOP V15 G4 AMN AMD RYZEN 5 7520U,16GB RAM, 512GB SSD,15.6” FHD, WIND 82YU00XYLM",LENOVO,laptops,ROIS COMPUTER S.A.C.,3779.0,2549.0,1
"LAPTOP LOQ 15IRX9 INTEL CORE I7-13650HX 16GB RAM 512GB SSD RTX 3050-6GB 15.6"" FHD 144HZ",LENOVO,laptops,NESSA SHOP PERU EIRL,5499.0,4879.0,0
LAPTOP VICTUS 15 GAMING CORE I5-13420H NVIDIA 6GB RTX4050 RAM 32GB SSD 1TB 15.6″ FHD 144HZ.,HP,laptops,LAPTOPSHOP PERU.,5389.0,4883.17,0
"LAPTOP REACONDICIONADA THINKPAD L490 CORE I5-8VA 16GB RAM, 512GB SSD, 14""+ MOUSE, FUNDA Y USB",LENOVO,laptops,IMTEC.,1463.99,1321.9,0
"LAPTOP IDEAPAD SLIM 3 15IRH10 CORE I7-13620H, 15.3""/ 16GB RAM/ 512GB SSD/ TACTIL /83K100KCLM",LENOVO,laptops,A & I REAL COLORS,5569.0,3779.0,0
LAPTOP GAMER LEGION PRO 5 CORE I9-14900HX NVIDIA 8GB RTX5060 32GB RAM 1TB SSD 16″ WQXGA 240HZ.,LENOVO,laptops,LAPTOPSHOP PERU.,9299.0,8630.54,0
LAPTOP 255R G10 RYZEN 7 7735U / 16GB RAM / 512GB SSD / 15.6” FHD – B77CBLT#ABM,HP,laptops,ROIS COMPUTER S.A.C.,4579.0,2849.0,1
MACBOOK NEO 13-INCH A18 PRO 8GB RAM 256GB SSD - CITRUS/TECLADO INGLÉS,APPLE,laptops,TE IMPORTO.,3899.0,3279.0,0
"LAPTOP IDEAPAD SLIM 3 INTEL CORE I5-13420H RAM 16 GB SSD 512 GB 15.3"" WUXGA WINDOWS 11 PRO.",LENOVO,laptops,YUYATEC,4689.0,2815.0,0
LAPTOP OMNIBOOK X FLIP 16-AS0023DX INTEL CORE ULTRA 7-256V 16GB 1TB SSD WINDOWS 11,HP,laptops,CUADRADO ELECTRONICS,6169.0,5335.0,0
"LAPTOP IDEAPAD 5 2 EN 1 16AHP9 AMD RYZEN 7 8845HS 16GB RAM 1TB SSD 16"" WUXGA TÁCTIL 83DS0056US",LENOVO,laptops,VICMARK,4199.0,3640.0,0
LAPTOP GAMER JUEGOS TUF GAMING F16 2025 CORE I7-14650HX RTX5060 16GB RAM 1TB SSD 16 WUXGA 165HZ.,ASUS,laptops,LAPTOPSHOP PERU.,7989.0,6839.0,0
MACBOOK AIR 13.3” 2020 A2337 M1 8GB RAM 256 GB SSD REACONDICIONADA GRADO A,APPLE,laptops,PEKETEC,3299.0,2299.0,0
"LAPTOP LOQ ESSENTIAL AMD RYZEN 7 16GB RAM 512GB SSD RTX 4050 6GB 15.6"" FHD 144HZ",LENOVO,laptops,TOTTUS,5199.0,4599.0,0
IMAC I7 4.6 GHZ 16GB RAM 500GB SSD + HDD 1TB VIDEO 2GB GDDR5 21.5.,APPLE,laptops,DELTAPC2010,3499.0,2289.0,1
"15-FC0276LA RYZEN 7-7730U, 16GB RAM, 1TB SSD, 15.6″ FHD, WINDOWS 11.",HP,laptops,MUNDO LAPTOP,4199.0,2999.0,0
LAPTOP LOQ 15IAX9 CORE I5-12450HX RAM 24GB SSD 512GB RTX3050 6GB156,LENOVO,laptops,IMPORTACIONES CASCHS,4900.0,3869.0,0
LAPTOP 15-FD0152LA INTEL CORE I5-1334U 24GB RAM 1TB SSD INTEL IRIS X 15.6 FHD TACTIL WIN11 PRO.,HP,laptops,CUADRADO ELECTRONICS,3399.0,2849.0,0
"LAPTOP LOQ 15IRX9 15.6” FHD IPS, INTEL CORE I7-13650HX, RAM 16GB, SSD 512GB, RTX 3050.",LENOVO,laptops,GORANTEX PERU SAC,6909.0,4729.0,0
MOCHILA LIGERA NEGRA URBEX-101,KUZLER,laptops,FALABELLA,99.0,58.9,0
"LAPTOP REACONDICIONADA THINKPAD L490 CORE I5 8VA 8GB RAM, 256GB SSD, 14"" + MOUSE, FUNDA Y USB",LENOVO,laptops,IMTEC.,1318.79,1189.9,0
"CN4058 2 EN 1 CELERON N4020, 8GB RAM, 128GB SSD, 10.1″ TÁCTIL, WINDOWS 10.",ADVANCE,laptops,MUNDO LAPTOP,1399.0,839.0,1
LAPTOP VIVOBOOK 14 FHD SNAPDRAGON X1‑26‑100 16GB 512GB SSD WIN11,ASUS,laptops,DISCOUNT TECH MIAMI PE,3159.0,2629.0,1
"MACBOOK NEO 13″ A18 PRO, 8GB RAM, 256GB SSD TECLADO ESPAÑOL - SILVER",APPLE,laptops,ALLDAYS.DEALS,3799.0,3674.0,0
LAPTOP AI 15 FD2369LA CORE ULTRA 5 225U 24GB DDR5 512GB SSD CON IA 15.6 FHD TACTIL FREEDOS,HP,laptops,TEC Y BAZAR EIRL,3719.0,2899.0,0
LAPTOP THINKPAD P16S GEN 4 INTEL 32GB 1TB UHD WUXGA 16,LENOVO,laptops,LENOVO TIENDA OFICIAL,11499.0,10199.0,0
MACBOOK AIR 15” M5 16GB RAM - 512GB SSD  ( TECLADO INGLÉS )  – SKY BLUE,APPLE,laptops,IO STORE,8499.0,6399.0,0
"LAPTOP 15-FD2355LA INTEL CORE ULTRA 5 24GB RAM 1TB SSD 15.6"" FHD W11",HP,laptops,ALTEZA TECH,5200.0,3499.0,0
LAPTOP I5-13420H 24GB DDR5 512GB SSD 15 FHD + 1TB HDD EXTERNO.,LENOVO,laptops,DELTAPC2010,3899.0,3590.0,0
"LAPTOP VICTUS 15-FB3093DX AMD RYZEN 7 7445HS 16GB RAM 512GB SSD RTX 4050-6GB 15.6"" FHD WIN 11",HP,laptops,VICMARK,5899.0,4650.0,0
"LAPTOP IDEAPAD SLIM 3 15IRH10 C I7-13620H, 16GB RAM, 512GB SSD, 15.3"" WUXGA IPS - 83K101FFLM.",LENOVO,laptops,A & I REAL COLORS,4049.0,3099.0,1
"LAPTOP YOGA 7 2 EN 1 16IML9 INTEL CORE ULTRA 7 155U 16 GB 1TB 16"" WUXGA TÁCTIL - 83DL0002US",LENOVO,laptops,JA INNOVATION,6200.0,4729.0,0
"LAPTOP AMD ATHLON SILVER 7120U DDR5 8GB SSD 256GB PANTALLA 15,6 PULGADAS.",LENOVO,laptops,VENTY,1699.0,1539.0,0
"LAPTOP IDEAPAD SLIM 3 AMD RYZEN 7 RAM 24 GB SSD 512 GB 14"" OLED WUXGA WINDOWS 11",LENOVO,laptops,YUYATEC,4899.0,3880.0,0
"LAPTOP REACONDICIONADA THINKPAD L490 CORE I5 8VA 8GB RAM, 256GB SSD, 14"" + MOUSE, FUNDA Y USB",LENOVO,laptops,IMTEC.,1318.79,1189.9,0
"LAPTOP ASPIRE GO AG15-42P-R917 AMD RYZEN™ 7 7730U 16GB RAM 512GB SSD 15.6"" FHD WINDOWS 11",ACER,laptops,ZAVITECH,3999.0,2545.0,0
LAPTOP VIVOBOOK 15 X1504VA 15.6 FHD TACTIL INTEL CORE 5-120U INTEL GRAPHICS 16GB RAM 1TB SSD,ASUS,laptops,LAPTOPSHOP PERU.,4899.0,3199.0,0
"LAPTOP IDEAPAD SLIM 3 14ARP10 AMD RYZEN 7 7735HS RAM 16GB SSD 512GB 14"" WUXGA OLED WIN 11",LENOVO,laptops,CORPORACION CHARATEC,4186.0,2990.0,0
NOTEBOOK VIVOBOOK 16 FHD I9-13900H 16GB RAM 1TB SSD WIN11 16 PULGADAS.,ASUS,laptops,DISCOUNT TECH PE,4759.0,3959.0,0
"IDEAPAD 5 14AKP10 RYZEN AI 7-350, 16GB RAM, 1TB SSD, 14″ WUXGA TÁCTIL, WINDOWS 11 + LÁPIZ.",LENOVO,laptops,MUNDO LAPTOP,5299.0,3899.0,0
"LAPTOP REACONDICIONADA T14 RYZEN 5 5650U/ 16GB RAM/ 512 SSD/ 14""",LENOVO,laptops,IMTEC.,,1979.9,0
LAPTOP IDEAPAD SLIM 5 14IMH10 CORE ULTRA 9 185H 16GB 512GB OLED 14″ CON MOCHILA.,LENOVO,laptops,OKAWA,4590.0,3990.0,0
"LAPTOP REACONDICIONADA THINKPAD L490 CORE I5 8VA 8GB RAM, 256GB SSD, 14"" + MOUSE, FUNDA Y USB",LENOVO,laptops,IMTEC.,1318.79,1189.9,0
"LAPTOP REACONDICIONADA T14 RYZEN 5 5650U/ 16GB RAM/ 512 SSD/ 14""",LENOVO,laptops,IMTEC.,,1979.9,0
"LAPTOP TUF GAMING F16 FX608JMR INTEL CORE I7 14650HX 32GB RAM 1TB SSD RTX 5060-8GB 16"" WUXGA",ASUS,laptops,IVANCE ELECTRONIC ONLINE,8999.0,7659.0,0
"LAPTOP INTEL CORE I7 (V15 G5 IRL) RAM 32 GB SSD 1 TB 15.6"" FHD TN WINDOWS 11 PRO",LENOVO,laptops,YUYATEC,5589.0,4450.0,0
"LAPTOP THINKBOOK 14 G8 IAL INTEL CORE ULTRA 5 120U RAM 16GB SSD 512GB 14"" WUXGA WINDOWS 11",LENOVO,laptops,CORPORACION CHARATEC,7279.0,5199.0,0
"LAPTOP IDEAPAD SLIM 3 INTEL CORE I7 RAM 24 GB SSD 1TB 15.3"" WUXGA WINDOWS 11",LENOVO,laptops,YUYATEC,5199.0,4660.0,0
LAPTOP IDEAPAD SLIM 5 14IMH10 CORE ULTRA 9 185H 16GB 512GB OLED 14″ CON MOCHILA.,LENOVO,laptops,OKAWA,4590.0,3990.0,0
LAPTOP NUEVA GAMER RYZEN 7 7445HS 16GB RAM 512GB SSD NVIDIA RTX 3050 4GB VIDEO 500GB HDD EXTERNO,ASUS,laptops,DELTAPC2010,6590.0,5490.0,0
"LAPTOP INTEL CORE I7 (15-FD0280LA) RAM 16 GB SSD 1 TB 15.6"" FHD WINDOWS 11 PRO",HP,laptops,YUYATEC,4199.0,3780.0,0
"LAPTOP IDEAPAD SLIM 3 INTEL CORE I7-13620H 16GB RAM 1TB SSD 15.3"" WUXGA - 83K100NALM",LENOVO,laptops,VICMARK,6499.0,3239.0,0
"LAPTOP GAMER LOQ INTEL CORE I5 12450HX 8GB RAM 512GB SSD 6GB RTX 3050 15.6"" FHD",LENOVO,laptops,IMPORTACIONES CASCHS,3600.0,3490.0,0
"LAPTOP IDEAPAD SLIM 3 INTEL CORE I7-13620H 24GB RAM 512GB SSD 15.3"" WUXGA IPS - 83K100KFLM",LENOVO,laptops,IVANCE ELECTRONIC ONLINE,3999.0,3549.0,0
"LAPTOP 15-FD0271LA INTEL CORE I7-1355U 16GB RAM 512GB SSD 15.6"" FHD IPS",HP,laptops,IVANCE ELECTRONIC ONLINE,3499.0,3249.0,0
LAPTOP DYNABOOK PORTEGE X30L I5-1145G7 16GB 256GB 133 FHD IGZO TOUCH WINDOWS 10 PRO BLUE,Toshiba,laptops,MAGITECH,,5299.0,0
"LAPTOP INTEL CORE I5 (IDEAPAD SLIM 3 15IRH10) RAM 16 GB SSD 512 GB 15.3"" WUXGA WINDOWS 11 PRO",LENOVO,laptops,YUYATEC,3409.0,2990.0,0
"NOTEBOOK IDEAPAD SLIM 3 15.6"" FHD TN AMD RYZEN 5 7520U 2.8/4.3GHZ, 16GB LPDDR5-5500 SIN OS",LENOVO,laptops,GIDAT,3443.0,2994.0,0
"LAPTOP 250 G10 INTEL CORE I5-1334U 8GB RAM 512GB SSD 15.6"" HD GRIS OSCURO- B5UU9AT",HP,laptops,VICMARK,3999.9,2298.0,0
"LAPTOP V15 G4 AMN RYZEN 5 7520U 8GB 256GB SSD 15.6"" FHD SIN SISTEMA OPERATIVO - GRIS",LENOVO,laptops,S & T STORE.,3819.0,3049.0,0
"LAPTOP IDEAPAD SLIM 3 INTEL CORE I5-12450H 8GB RAM 512GB SSD 15.6"" FHD FREE DOS - 83ER001CLM",LENOVO,laptops,ZAVITECH,4499.0,2699.0,0
"LAPTOP V15 G4 IRU INTEL CORE I3-1315U 8GB RAM 512GB SSD 15.6"" FHD - 83A100EMLM",LENOVO,laptops,VICMARK,2500.0,2099.0,0
"LAPTOP 14-FM0013DX INTEL CORE ULTRA 5-226V 16GB 512GB SSD 14"" 2K TACTIL WIN11",HP,laptops,ALTEZA TECH,5200.0,3879.0,0
MACBOOK NEO 13 CHIP A18 PRO 8GB RAM 512GB SSD TOUCH ID TECLADO INGLES - INDIGO.,APPLE,laptops,INNOVATECH IMPORT,4199.0,3949.0,0
"LAPTOP INTEL CORE I7 (15 DC15250) RAM 16 GB SSD 512 GB 15.6"" FHD WINDOWS 11 PRO",Dell,laptops,YUYATEC,4289.0,3305.0,0
"LAPTOP IDEAPAD SLIM 3 15.6"" WUXGA INTEL CORE I7-13620H RAM 16GB SSD 1TB FREEDOS",LENOVO,laptops,CORPORACION CHARATEC,4606.0,3290.0,0
"LAPTOP ROG STRIX G614PM-221W AMD R9 8940HX RAM 16GB SSD 512GB RTX 5060 8GB 16""WUXGA WIN11",ASUS,laptops,CHARATEC,11606.0,8290.0,0
MACBOOK PRO 16″ ( M5 PRO ) 24GB RAM + 1TB SSD ( TECLADO INGLES ) - SPACE BLACK,APPLE,laptops,OH GLOBAL  S.A.C.,15999.0,13299.0,0
IDEAPAD SLIM 3 15Q8X10 SNAPDRAGON X 512GB SSD 16GB DDR5 15.3 WUXGA WIN 11 83N3006BUS,LENOVO,laptops,VICTORIA ILIMITADA,3999.0,2599.0,0
IDEAPAD SLIM 3 15Q8X10 SNAPDRAGON X 512GB SSD 16GB DDR5 15.3 WUXGA WIN 11 83N3006BUS,LENOVO,laptops,VICTORIA ILIMITADA,3999.0,2599.0,0
"LAPTOP A315-59-596Z 15.6"" FHD INTEL CORE I5-1235U 512GB SSD 16GB RAM INTEL UHD GRAPHICS WINDOWS 11 PLATA",ACER,laptops,CARSA TIENDA OFICIAL,3899.0,2399.0,0
LAPTOP GAMING VICTUS 15-FB3018LA AMD RYZEN 7 8 GB 512GB FHD,HP,laptops,IX COMERCIO,5299.0,3439.0,0
LAPTOP COREBOOK X 14.0 2K INTEL CORE I9-13900HK 32GB 1TB WINDOWS 11 - GRIS.,CHUWI,laptops,GRUPO RUNTECH SAC,4200.0,3599.0,0
"LAPTOP 15 INTEL CORE 3 N350 8GB 128GB SSD 15.6"" FHD WINDOWS 11 AL15-36P-32XP",ACER,laptops,ALTEZA TECH,2500.0,1739.0,0
"LAPTOP 15 INTEL CORE 3 N350 8GB 128GB SSD 15.6"" FHD WINDOWS 11 AL15-36P-32XP",ACER,laptops,ALTEZA TECH,2500.0,1739.0,0
"LAPTOP CYBORG 15 CORE I7-13620H 16GB 512GB SSD RTX 5060 8GB 15.6"" FHD 144HZ WINDOWS 11 PRO",Msi,laptops,GRUPO LPC,11429.0,7999.0,0
LAPTOP NUEVA V15 G4 IRL INTEL CI7 13VA 24GB DDR5 1TB SSD+ 500GB HDD 15.6 FHD,LENOVO,laptops,DELTAPC2010,4899.0,3989.0,1
LAPTOP PROBOOK 440 G9 CORE I5 12VA 8GB RAM 256 GB SSD REACONDICIONADA,HP,laptops,IMTEC.,2073.9,1734.9,1
"LAPTOP THINKPAD T16 CORE ULTRA 7 258V 16GB 1TB SSD 16"" FHD WINDOWS 11 PRO",LENOVO,laptops,GRUPO LPC,12859.0,8999.0,0
"LAPTOP V15 G5 IRL INTEL CORE I7-13620H 16GB RAM 512GB SSD 15.6"" FHD LUNA GREY - 83GW005HLD",LENOVO,laptops,CORPORACION M & P,3999.0,3399.0,0
"MACBOOK PRO 14"" M5 10C/10C 16GB 1TB NEGRO ESPACIAL",APPLE,laptops,OPORTUTEK PERU S.A.C,10685.9,8549.0,0
"LAPTOP EXPERTBOOK PM1503CDA, 15.6"" FHD, AMD RYZEN 7 170, 16GB DDR5, 512GB SSD, FREEDOS.",ASUS,laptops,VEGA SAC,3899.0,3199.0,0
LAPTOP NOTEBOOK IDEAPAD SLIM 3 15AMN8 RYZEN™ 5 7520U 16GB RAM 512GB SSD MALETÍN - 82XQ00N6LM,LENOVO,laptops,CADEZ TECHNOLOGY,4760.0,3099.0,0
LAPTOP NOTEBOOK IDEAPAD SLIM 3 15AMN8 RYZEN™ 5 7520U 16GB RAM 512GB SSD MALETÍN - 82XQ00N6LM,LENOVO,laptops,LEDA TECH,4760.0,3499.0,0
LAPTOP NOTEBOOK IDEAPAD SLIM 3 15AMN8 RYZEN™ 5 7520U 16GB RAM 512GB SSD MALETÍN - 82XQ00N6LM,LENOVO,laptops,INFINITY SHOP,4760.0,3499.0,0
LAPTOP NOTEBOOK IDEAPAD SLIM 3 15AMN8 RYZEN™ 5 7520U 16GB RAM 512GB SSD MALETÍN - 82XQ00N6LM.,LENOVO,laptops,CORPORACION PORTAL,4760.0,3499.0,0
LAPTOP 15-FD0152LA CORE I5-1334U 8GB 512GB SSD 156 FHD TACTIL FREEDOS B9TS2LA,HP,laptops,TODOTEC PERU S.A.C,2999.0,2659.0,0
"LAPTOP 200 G2 CORE I7-150U 16GB 512GB SSD 15.6"" FHD IPS WINDOWS 11 PRO",HP,laptops,GRUPO LPC,5109.0,3579.0,0
"LAPTOP 200 G2 RYZEN 7 250 16GB 512GB SSD 15.6"" FHD IPS WINDOWS 11 PRO",HP,laptops,GRUPO LPC,5569.0,3899.0,0
"PORTÁTIL THINKPAD E16 DE 16"" GEN 2, 16 GB DDR5 - 512 GB SSD.",LENOVO,laptops,UNCLIC,5000.0,4000.0,0
LAPTOP ASUS VIVOBOOK X1504VA-E84465 15.6″ INTEL CORE 5-120U 24GB 512GB FREEDOS,LENOVO,laptops,VICMARK,4299.0,3699.0,0
LAPTOP ASUS VIVOBOOK X1504VA-E84465 15.6″ INTEL CORE 5-120U 24GB 512GB FREEDOS,LENOVO,laptops,SEVEN SHOP,4299.0,3699.0,0
LAPTOP V15 G4 IRU INTEL CORE I3 13VA GEN RAM 8GB SSD 256GB 15.6 FHD WIN 11,LENOVO,laptops,CHARATEC,3219.0,2299.0,0
LAPTOP VIVOBOOK X1502VA-BQ903W/ INTEL CORE I5 - 13420H/ 8 GB RAM /512GB SSD/ 15.6 FHD.,ASUS,laptops,MORAL STORE,2599.0,2449.0,0
"LAPTOP V15 G5 IRL 15.6"" FHD INTEL CORE I7-13620H 16GB DDR5 512GB SSD WIFI 6 83GW005HLD FREDOS.",LENOVO,laptops,KINGSTON,4600.0,3269.0,0
"LAPTOP ROG STRIX G614PM-221W AMD R9 8940HX RAM 16GB SSD 512GB RTX 5060 8GB 16""WUXGA WIN11",ASUS,laptops,CHARATEC,11606.0,8290.0,0
LAPTOP 15.6FHD INTEL CORE ULTRA 5 8GB RAM 512GB SSD FUNCIONES AI,HP,laptops,PC IMPORTACIONES,3000.0,2500.0,1
"LAPTOP GAMER LOQ 15IAX9 15.6"" FHD INTEL CORE I5-12450HX 8GB RAM 512GB SSD RTX3050-6GB 83GS006WLM",LENOVO,laptops,SL COMERCIO,6799.9,3399.0,0
"LAPTOP A315-59-596Z 15.6"" FHD INTEL CORE I5-1235U 512GB SSD 16GB RAM INTEL UHD GRAPHICS WINDOWS 11 PLATA",ACER,laptops,CARSA TIENDA OFICIAL,3899.0,2399.0,0
LAPTOP NUEVA V15 G4 IRL INTEL CI7 13VA 24GB DDR5 1TB SSD+ 500GB HDD 15.6 FHD,LENOVO,laptops,DELTAPC2010,4899.0,3989.0,1
"LAPTOP GAMER LOQ 15IAX9 15.6"" FHD INTEL CORE I5-12450HX 8GB RAM 512GB SSD RTX3050-6GB 83GS006WLM",LENOVO,laptops,SL COMERCIO,6799.9,3399.0,0
"NOTEBOOK ADV-NV9857, 15.6 FHD IPS, CELERON N4500 1.1GHZ, 8GB DDR4, 256GB SSD",ADVANCE,laptops,SIMI PERU,1861.0,1489.0,0
"NOTEBOOK GAMING VICTUS 15-FB3019LA 15.6"" FHD IPS AMD RYZEN 7 7445HS HASTA 4.7GHZ 8GB.",HP,laptops,LOGINSTORE,,3483.9,0
"LAPTOP 250 G10 CORE 7 150U 16GB 512GB 15.6"" FHD WINDOWS 11 PRO",HP,laptops,GRUPO LPC,5239.0,3669.0,0
MACBOOK PRO 16″ M5 PRO 24GB RAM + 1TB SSD ( TECLADO INGLES ) - SPACE BLACK,APPLE,laptops,OH SHOP.,25000.0,11499.0,1
"LAPTOP IDEAPAD SLIM 3 CORE I7 13620H 16GB 1TB SSD 15.6"" WINDOWS 11 PRO",LENOVO,laptops,GRUPO LPC,5099.0,3569.0,0
"LAPTOP NV9857 CELERON N4500 8GB 256GB 15.6"" FHD IPS WINDOWS 11 PRO",ADVANCE,laptops,GRUPO LPC,2129.0,1489.0,0
"NOTEBOOK 250R G10, 15.6"" LED BACKLIT FHD SVA, CORE 7 150U HASTA 5.4GHZ, 16GB DDR5-5200",HP,laptops,SIMI PERU,8626.0,4313.0,0
IDEAPAD SLIM 3 15Q8X10 SNAPDRAGON X 512GB SSD 16GB DDR5 15.3 WUXGA WIN 11 83N3006BUS,LENOVO,laptops,VICTORIA ILIMITADA,3999.0,2599.0,0
IDEAPAD SLIM 3 15Q8X10 SNAPDRAGON X 512GB SSD 16GB DDR5 15.3 WUXGA WIN 11 83N3006BUS,LENOVO,laptops,VICTORIA ILIMITADA,3999.0,2599.0,0
IDEAPAD SLIM 3 15Q8X10 SNAPDRAGON X 512GB SSD 16GB DDR5 15.3 WUXGA WIN 11 83N3006BUS,LENOVO,laptops,VICTORIA ILIMITADA,3999.0,2599.0,0
IDEAPAD SLIM 3 15Q8X10 SNAPDRAGON X 512GB SSD 16GB DDR5 15.3 WUXGA WIN 11 83N3006BUS,LENOVO,laptops,SEVEN SHOP,3999.0,2599.0,0
"LAPTOP 15-FD2369LA INTEL CORE ULTRA 5 225U 24GB RAM 512GB SSD 15.6"" FHD TÁCTIL - PLATEADO",HP,laptops,NESSOUL E.I.R.L.,3999.0,3099.0,0
"LAPTOP 15-FD2369LA INTEL CORE ULTRA 5 225U 24GB RAM 512GB SSD 15.6"" FHD TÁCTIL - PLATEADO",HP,laptops,NESSA SHOP PERU EIRL,3999.0,3099.0,0
"LAPTOP 15-FD2369LA INTEL CORE ULTRA 5 225U 24GB RAM 512GB SSD 15.6"" FHD TÁCTIL - PLATEADO",HP,laptops,NESSOUL E.I.R.L.,3999.0,3099.0,0
"LAPTOP 15-FD2369LA INTEL CORE ULTRA 5 225U 24GB RAM 512GB SSD 15.6"" FHD TÁCTIL - PLATEADO",HP,laptops,CORPORACION M & P,3999.0,3099.0,0
"LAPTOP 15-FD2369LA INTEL CORE ULTRA 5 225U 24GB RAM 512GB SSD 15.6"" FHD TÁCTIL - PLATEADO",HP,laptops,NESSA SHOP PERU EIRL,3999.0,3099.0,0
"LAPTOP 15-FD2369LA INTEL CORE ULTRA 5 225U 24GB RAM 512GB SSD 15.6"" FHD TÁCTIL - PLATEADO",HP,laptops,NESSOUL E.I.R.L.,3999.0,3099.0,0
"LAPTOP ASUSTUFGAMING A15 FA506N RYZEN 7 170 8GB 512GB SSD RTX 3050 15.6"" (90NR0QE7-M000D0)",ASUS,laptops,NORTICO PE,,5449.0,0
"LAPTOPASUSTUF GAMING A15 FA506N RYZEN 7 170 8GB 512GB SSD RTX 3050 15.6"" (90NR0QE7-M000D0)",ASUS,laptops,NORTICO PE,,5349.0,0
"LAPTOP TUF GAMING A15 FA506N RYZEN 7 170 8GB 512GB SSD RTX 3050 15.6""(90NR0QE7-M000D0)",ASUS,laptops,NORTICO PE,,5249.0,0
"LAPTOP TUF GAMINGF16FX608JMR CORE I7-14650HX 16GB 512GB SSD RTX 5060 16"" (90NR0NB1-M00KY0)",ASUS,laptops,NORTICO PE,,8399.0,0
"LAPTOP TUF GAMING F16 FX608JMRCORE I7-14650HX 16GB 512GB SSD RTX 5060 16"" (90NR0NB1-M00KY0)",ASUS,laptops,NORTICO PE,,7099.0,0
"LAPTOP VIVOBOOK GO 15 E1504FA-BQ2937 RYZEN 5-40 16GB512GB SSD 15.6"" FHD (90NB0ZR3-M04PJ0)",ASUS,laptops,NORTICO PE,,3699.0,0
"LAPTOP TUF GAMING F16 FX608JMR CORE I7-14650HX 16GB 512GB SSD RTX 5060 16""(90NR0NB1-M00KY0)",ASUS,laptops,NORTICO PE,,7949.0,0
"LAPTOPASUSTUF GAMING F16 FX608JMR CORE I7-14650HX 16GB 512GB SSD RTX 5060 16"" (90NR0NB1-M00KY0)",ASUS,laptops,NORTICO PE,,8049.0,0
"LAPTOP LOQ 15ARP10E AMD RYZEN 7 250 16GB RAM 512GB SSD RTX 5050-8GB 15.6"" FHD 83JG0045CC",LENOVO,laptops,ALTEZA TECH,7800.0,5499.0,0
"LAPTOP GAMER AERO X16 RYZEN AI 7 350 16GB 1TB SSD RTX 5060 8GB 16"" QHD+ 165HZ 1VH93USC94AH",GIGABYTE,laptops,JA INNOVATION,8999.0,7075.0,0
"LAPTOP 15-FD2361LA INTEL CORE ULTRA 5 225U 16GB RAM 512GB SSD 15.6"" FHD - DORADO CALIDO",HP,laptops,CORPORACION M & P,3499.0,2999.0,0
NUEVA MACBOOK AIR M5 15” 16GB RAM + 512GB ( TECLADO INGLES ) - SKY BLUE ( 2026 ),APPLE,laptops,OH GLOBAL  S.A.C.,7199.0,6999.0,0
"LAPTOP LEGION 5 INTEL CORE ULTRA 9 275HX 16GB 1TB SSD 15.1""WQXGA RTX5070 83F0001TUS",LENOVO,laptops,ZAVITECH,10000.0,9100.0,0
LAPTOP V15 G5 IRL INTEL CORE I7 13620H 24GB DDR5 SSD 512GB 15.6 FHD FREEDOS,LENOVO,laptops,PCYA EMPRESARIAL,4259.0,3449.0,0
LAPTOP 83GW005NLD V15 G5 IRL INTEL® CORE™ I3-1315U 8GB RAM 256GB SSD INTEL® UHD GRAPHICS,LENOVO,laptops,SL COMERCIO,3600.0,1998.0,0
LAPTOP NOTEBOOK V15 G5 IRL 15.6 FHD INTEL® CORE™ I3-1315U 8GB DDR5 512GB SSD 83GW005MLD,LENOVO,laptops,INFINITY SHOP,3860.0,1948.0,0
MACBOOK PRO 14″ M5 16GB RAM 1TB SSD TECLADO INGLES - SILVER,APPLE,laptops,PRO,9999.0,8199.0,0
"LAPTOP LOQ 15IAX9 INTEL CORE I5-12450HX 12GB RAM 512GB SSD RTX 3050-6GB 15.6"" FHD 144 HZ",LENOVO,laptops,CORPORACION M & P,4299.0,3599.0,0
"LAPTOP LOQ 15IAX9 INTEL CORE I5-12450HX 12GB RAM 512GB SSD RTX 3050-6GB 15.6"" FHD 144 HZ",LENOVO,laptops,CORPORACION M & P,4299.0,3599.0,0
"LAPTOP LOQ 15IAX9 INTEL CORE I5-12450HX 12GB RAM 512GB SSD RTX 3050-6GB 15.6"" FHD 144 HZ",LENOVO,laptops,NESSA SHOP PERU EIRL,3999.0,3599.0,0
"LAPTOP LOQ 15IAX9 INTEL CORE I5-12450HX 12GB RAM 512GB SSD RTX 3050-6GB 15.6"" FHD 144 HZ",LENOVO,laptops,NESSOUL E.I.R.L.,3999.0,3599.0,0
"LAPTOP LOQ 15IAX9 INTEL CORE I5-12450HX 12GB RAM 512GB SSD RTX 3050-6GB 15.6"" FHD 144 HZ",LENOVO,laptops,NESSA SHOP PERU EIRL,3999.0,3599.0,0
LAPTOP INTEL CELERON N4500 8GB RAM 256GB SSD 15.6 FHD GRIS - ADV-NV9857,ADVANCE,laptops,ALTEZA TECH,3100.0,1279.0,0
LAPTOP INTEL CELERON N4500 8GB RAM 256GB SSD 15.6 FHD GRIS - ADV-NV9857,ADVANCE,laptops,ALTEZA TECH,3100.0,1279.0,0
LAPTOP INTEL CELERON N4500 8GB RAM 256GB SSD 15.6 FHD GRIS - ADV-NV9857,ADVANCE,laptops,ALTEZA TECH,3100.0,1279.0,0
"LAPTOP INTEL CELERON N4500 8GB RAM 256GB SSD 15.6"" FHD BLUE - ADV-NV9857",ADVANCE,laptops,JA INNOVATION,3200.0,1250.0,0
"LAPTOP VIVOBOOK 15 E1504FA-BQ547 AMD RYZEN 5 7520U 16GB RAM 512GB SSD 15.6"" FHD - GREEN GREY",ASUS,laptops,CORPORACION M & P,2999.0,2899.0,0
"LAPTOP VIVOBOOK 15 E1504FA-BQ547 AMD RYZEN 5 7520U 16GB RAM 512GB SSD 15.6"" FHD - GREEN GREY",ASUS,laptops,NESSA SHOP PERU EIRL,2999.0,2899.0,0
"LAPTOP LOQ 15ARP10E AMD RYZEN 7 250 16GB RAM 512GB SSD RTX 5050-8GB 15.6"" FHD 83JG0045CC",LENOVO,laptops,JA INNOVATION,7800.0,5448.0,0
"LAPTOP LOQ 15ARP10E AMD RYZEN 7 250 16GB RAM 512GB SSD RTX 5050-8GB 15.6"" FHD 83JG0045CC",LENOVO,laptops,JA INNOVATION,7800.0,5448.0,0
"LAPTOP LEGION 5 15IRX10 INTEL CORE I7-14700HX 16GB RAM 1TB SSD RTX 5060-8GB 15.1"" OLED 165 HZ",LENOVO,laptops,CORPORACION M & P,8999.0,8299.0,0
"LAPTOP LEGION 5 15IRX10 INTEL CORE I7-14700HX 16GB RAM 1TB SSD RTX 5060-8GB 15.1"" OLED 165 HZ",LENOVO,laptops,NESSA SHOP PERU EIRL,8999.0,8299.0,0
"LAPTOP TUF GAMING A16 FA607NUQ-WS73 AMD RYZEN 7 170 16GB RAM 512GB SSD RTX 4050-6GB 16"" WUXGA",ASUS,laptops,JA INNOVATION,5599.0,4890.0,0
"LAPTOP IDEAPAD SLIM 3 15.3"" WUXGA IPS TOUCH CORE I5-13420H 16GB DDR5 512GB SSD - 83K101FDLM + REGALO",LENOVO,laptops,SEVEN SHOP,3499.0,2879.0,0
"LAPTOP IDEAPAD SLIM 3 15.3"" WUXGA IPS TOUCH CORE I5-13420H 16GB DDR5 512GB SSD - 83K101FDLM",LENOVO,laptops,ZAVITECH,2999.0,2699.0,0
"LAPTOP HYPERX OMEM 16-AM2013 INTEL CORE ULTRA 7 356H 16GB RAM 512GB SSD RTX 5060-8GB 16"" 2K 165H",HP,laptops,NESSA SHOP PERU EIRL,7899.0,6999.0,0
"LAPTOP GAMING OMEN 17-DB1001LA AMD RYZEN AI 7 350 16GB RAM 1TB SSD RTX 5050-8GB 17.3"" FHD BLACK",HP,laptops,NESSOUL E.I.R.L.,7999.0,6899.0,0
LAPTOP IDEAPAD SLIM 3 14ARP10 AMD RYZEN 7 -7735HS 16GB 512GB 14'' WUXGA OLED WIN 11.,LENOVO,laptops,ZETATECH PERU,3899.0,3199.0,0
"LAPTOP GAMING OMEN 17-DB1001LA AMD RYZEN AI 7 350 16GB RAM 1TB SSD RTX 5050-8GB 17.3"" FHD BLACK",HP,laptops,CORPORACION M & P,7999.0,6899.0,0
"LAPTOP GAMING LOQ 15ARP9 AMD RYZEN 5 7235HS 8GB RAM 512GB RTX 3050 15.6"" FHD 83JC00MJLM",LENOVO,laptops,ZAVITECH,5200.0,3389.0,0
"LAPTOP V15 G4 AMN AMD RYZEN 5 7520U 16GB RAM 512GB SSD 15.6"" FHD ARCTIC GREY - 82YU00XYLM",LENOVO,laptops,NESSOUL E.I.R.L.,2999.0,2599.0,0
"LAPTOP IDEAPAD SLIM 3 14IRH10 INTEL CORE I5-13420H 16GB RAM 512GB SSD 14"" OLED WUXGA",LENOVO,laptops,CORPORACION M & P,3499.0,2999.0,0
"LAPTOP IDEAPAD SLIM 3 14IRH10 INTEL CORE I5-13420H 16GB RAM 512GB SSD 14"" OLED WUXGA",LENOVO,laptops,CORPORACION M & P,3499.0,2999.0,0
"LAPTOP IDEAPAD SLIM 3 14IRH10 INTEL CORE I5-13420H 16GB RAM 512GB SSD 14"" OLED WUXGA",LENOVO,laptops,NESSA SHOP PERU EIRL,3499.0,2999.0,0
"LAPTOP TUF GAMING A18 18"" WUXGA 144HZ RYZEN 7 260 16GB 1TB RTX 5050 FA808UH-RS74",ASUS,laptops,JA INNOVATION,7999.0,6459.0,0
"LAPTOP TUF GAMING A18 18"" WUXGA 144HZ RYZEN 7 260 16GB 1TB RTX 5050 FA808UH-RS74",ASUS,laptops,JA INNOVATION,7999.0,6459.0,0
"LAPTOP IDEAPAD SLIM 3 14IRH10 INTEL CORE I5-13420H 16GB RAM 512GB SSD 14"" OLED WUXGA",LENOVO,laptops,NESSOUL E.I.R.L.,3499.0,2999.0,0
"LAPTOP 15-FD0271LA INTEL CORE I7-1355U 16GB RAM 512GB SSD 15.6"" FHD WIN 11",HP,laptops,MERCADO PERU EIRL,3399.0,3299.0,0
"LAPTOP GAMING LEGION PRO 5 16ADR10 16"" WQXGA 240HZ AMD RYZEN 9 8945HX 32GB RAM 1TB SSD",LENOVO,laptops,VICMARK,9200.0,8299.0,0
LAPTOP NUEVA V15 G4 IRL INTEL CI7 13VA 24GB DDR5 1TB SSD+ 500GB HDD 15.6 FHD,LENOVO,laptops,DELTAPC2010,4899.0,3989.0,1
"LAPTOP NITRO V16 INTEL CORE 7 240H 16GB RAM 512GB SSD RTX 5050-8GB 16"" 180 HZ ANV16-72-789X",ACER,laptops,ALTEZA TECH,7899.0,5269.0,0
"LAPTOP NITRO V16 INTEL CORE 7 240H 16GB RAM 512GB SSD RTX 5050-8GB 16"" 180 HZ ANV16-72-789X",ACER,laptops,ALTEZA TECH,7899.0,5269.0,0
"LAPTOP TUF A16 FA607NUQ-RL015 16"" WUXGA, RYZEN 7-170, RAM 16GB, SSD 512GB, RTX 4050 6GB, WIN 11",ASUS,laptops,GORANTEX PERU SAC,5799.0,5729.0,0
"LAPTOP GAMER ROG STRIX G16 I9-14900HX 32GB DDR5 1TB SSD RTX 5070 8GB 16"" WUXGA G615JPR-AS96",ASUS,laptops,JA INNOVATION,12000.0,9665.0,0
"NB VIVOBOOK 15 X1504VA-BQ5699 15.6"" FHD IPS CORE 5-120U 5.0G 8GB DDR5 512GB SSD M.2.",ASUS,laptops,LOGINSTORE,,3394.7,0
LAPTOP V15 G5 IRL INTEL CORE I7-13620H 16GB RAM 1TB SSD 15.6 FHD LUNA GREY - 83GW005FLD,LENOVO,laptops,JA INNOVATION,5999.0,3699.0,0
LAPTOP EXPERTBOOK P1503CVA-S72381 15.6 FHD INTEL® CORE™ 5‑210H 16GB DDR5 512GB SSD 90NX0881‑M02P90,ASUS,laptops,SL COMERCIO,4000.0,2864.9,0
LAPTOP V15 G5 IRL INTEL CORE I7-13620H 16GB RAM 1TB SSD 15.6 FHD LUNA GREY - 83GW005FLD,LENOVO,laptops,JA INNOVATION,5999.0,3699.0,0
"NB THINKPAD X1 2-IN-1 GEN 10 14"" WUXGA IPS TOUCH CORE ULTRA 7 255U HASTA 5.2GHZ",LENOVO,laptops,LOGINSTORE,,14225.4,0
"LAPTOP VIVOBOOK 15 X1504VA-E82989 INTEL CORE 5 120U 16GB RAM 512GB SSD 15.6"" FHD TOUCH",ASUS,laptops,SEVEN SHOP,4699.0,2899.99,0
LAPTOP NITRO INTEL CORE I5-13420H 16GB RAM 512GB SSD RTX5050-8GB 156 FHD WIN11 ANV15-52-57BB,ACER,laptops,ALTEZA TECH,6200.0,4499.0,0
"LAPTOP IDEPAD SLIM 3 15IRH10, 15.3"" WUXGA IPS, CORE I7 13620H 16GB 1TB SSD FREEDOS",LENOVO,laptops,RRJ ELECTRONICS SAC,3999.0,3199.0,0
"LAPTOP OMEN HYPER X 16-AM2013DX CORE ULTRA 7 356H 16GB 512GB RTX 5060 16"" 165HZ WIN11",HP,laptops,ZAVITECH,9999.0,6999.0,0
"LAPTOP V15 G4 AMN AMD RYZEN 5 7520U 16GB RAM 512GB SSD 15.6"" FHD ARCTIC GREY - 82YU00XYLM",LENOVO,laptops,CORPORACION M & P,2999.0,2599.0,0
"LAPTOP 15 DC15255 AMD RYZEN 7 7730U 16GB DDR4 1TB SSD 15.6"" FHD W11 LDC15255CTO",Dell,laptops,VICTORIA ILIMITADA,4199.0,3199.0,0
LAPTOP V15 G5 IRL 15.6″ FULL HD INTEL CORE I3-1315U 8GB RAM 512GB SSD GRIS W11,LENOVO,laptops,ZAVITECH,2099.0,1980.0,0
"LAPTOP VIVOBOOK 15 X1504MA INTEL CORE 7 350 16GB RAM 512GB SSD 15.6"" FHD TÁCTIL - TERRACOTA",ASUS,laptops,NESSOUL E.I.R.L.,4499.0,3799.0,0
"LAPTOP VICTUS 15-FB3019LA AMD RYZEN 7 7445HS RAM 8GB SSD 512GB RTX 3050 15.6"" FHD WIN 11",HP,laptops,CHARATEC,4829.0,3449.0,0
LAPTOP GAMER ZEPHYRUS G16 GU605CP-G16.U95070 ULTRA 9-285H 16GB 1TB SSD GEFORCE RTX 5070 8GB,ASUS,laptops,VICTORIA ILIMITADA,13499.0,11499.0,0
"NOTEBOOK 250R G10, 15.6"" LED BACKLIT FHD SVA, CORE 7 150U HASTA 5.4GHZ, 16GB DDR5-5200",HP,laptops,SIMI PERU,8626.0,4313.0,0
"LAPTOP IDEAPAD SLIM 3 14IRH10 INTEL CORE I5-13420H 16GB RAM 512GB SSD 14"" OLED WUXGA",LENOVO,laptops,CORPORACION M & P,3499.0,2999.0,0
"LAPTOP IDEAPAD SLIM 3 14IRH10 INTEL CORE I5-13420H 16GB RAM 512GB SSD 14"" OLED WUXGA",LENOVO,laptops,CORPORACION M & P,3499.0,2999.0,0
"LAPTOP IDEAPAD SLIM 3 14IRH10 INTEL CORE I5-13420H 16GB RAM 512GB SSD 14"" OLED WUXGA",LENOVO,laptops,NESSA SHOP PERU EIRL,3499.0,2999.0,0
"LAPTOP IDEAPAD SLIM 3 14IRH10 INTEL CORE I5-13420H 16GB RAM 512GB SSD 14"" OLED WUXGA",LENOVO,laptops,CORPORACION M & P,3499.0,2999.0,0
"LAPTOP IDEAPAD SLIM 3 14IRH10 INTEL CORE I5-13420H 16GB RAM 512GB SSD 14"" OLED WUXGA",LENOVO,laptops,NESSOUL E.I.R.L.,3499.0,2999.0,0
"LAPTOP IDEAPAD SLIM 3 14IRH10 INTEL CORE I5-13420H 16GB RAM 512GB SSD 14"" OLED WUXGA",LENOVO,laptops,NESSA SHOP PERU EIRL,3499.0,2999.0,0
"LAPTOP IDEAPAD SLIM 3 14IRH10 INTEL CORE I5-13420H 16GB RAM 512GB SSD 14"" OLED WUXGA",LENOVO,laptops,CORPORACION M & P,3499.0,2999.0,0
"LAPTOP IDEAPAD SLIM 3 14IRH10 INTEL CORE I5-13420H 16GB RAM 512GB SSD 14"" OLED WUXGA",LENOVO,laptops,NESSOUL E.I.R.L.,3499.0,2999.0,0
"LAPTOP IDEAPAD SLIM 3 14IRH10 INTEL CORE I5-13420H 16GB RAM 512GB SSD 14"" OLED WUXGA",LENOVO,laptops,NESSA SHOP PERU EIRL,3499.0,2999.0,0
"LAPTOP IDEAPAD SLIM 3 14IRH10 INTEL CORE I5-13420H 16GB RAM 512GB SSD 14"" OLED WUXGA",LENOVO,laptops,NESSOUL E.I.R.L.,3499.0,2999.0,0
"LAPTOP TUF GAMING A18 18"" WUXGA 144HZ RYZEN 7 260 16GB 1TB RTX 5050 FA808UH-RS74",ASUS,laptops,JA INNOVATION,7999.0,6459.0,0
"LAPTOP TUF GAMING A18 18"" WUXGA 144HZ RYZEN 7 260 16GB 1TB RTX 5050 FA808UH-RS74",ASUS,laptops,JA INNOVATION,7999.0,6459.0,0
"LAPTOP IDEAPAD SLIM 3 14IRH10 INTEL CORE I5-13420H 16GB RAM 512GB SSD 14"" OLED WUXGA",LENOVO,laptops,NESSOUL E.I.R.L.,3499.0,2999.0,0
NOTEBOOK 255 G10 B77CBLT#ABM AMD RYZEN 7 7735U 16GB 512GB,HP,laptops,SIMI PERU,4814.0,3851.0,0
"NOTEBOOK VICTUS GAMING 15-FA2035LA, 15.6 FHD IPS, CORE I5-13420H HASTA 4.6G, 8GB DDR4",HP,laptops,SIMI PERU,7083.0,4958.0,0
"LAPTOP GAMER LOQ 15AHP10 15.6"" FULL HD IPS AMD RYZEN™ 7 250 IA RTX™ 5050 16GB RAM 512GB SSD 83JG00B1LM",LENOVO,laptops,CORPORACION PORTAL,10500.0,5249.0,0
"LAPTOP GAMER LOQ 15AHP10 15.6"" FULL HD IPS AMD RYZEN™ 7 250 IA RTX™ 5050 16GB RAM 512GB SSD 83JG00B1LM",LENOVO,laptops,LEDA TECH,10500.0,5259.0,0
"LAPTOP GAMER LOQ 15AHP10 15.6"" FULL HD IPS AMD RYZEN™ 7 250 IA RTX™ 5050 16GB RAM 512GB SSD 83JG00B1LM",LENOVO,laptops,CADEZ TECHNOLOGY,10000.0,5228.9,0
"LAPTOP GAMER LOQ 15AHP10 15.6"" FULL HD IPS AMD RYZEN™ 7 250 IA RTX™ 5050 16GB RAM 512GB SSD 83JG00B1LM",LENOVO,laptops,INFINITY SHOP,10500.0,5289.0,0
"LAPTOP HYPERX OMEN 15-GA0001LA INTEL CORE I7-14650HX 16GB RAM 1TB SSD RTX 5060-8GB 15.3"" WUXGA",HP,laptops,NESSOUL E.I.R.L.,8999.0,7099.0,0
"LAPTOP HYPERX OMEN 15-GA0001LA INTEL CORE I7-14650HX 16GB RAM 1TB SSD RTX 5060-8GB 15.3"" WUXGA",HP,laptops,NESSA SHOP PERU EIRL,8999.0,7199.0,0
"LAPTOP HYPERX OMEN 15-GA0001LA INTEL CORE I7-14650HX 16GB RAM 1TB SSD RTX 5060-8GB 15.3"" WUXGA",HP,laptops,CORPORACION M & P,8999.0,7099.0,0
"LAPTOP GAMER OMEN 16"" 2K WUXGA IPS INTEL® CORE™ ULTRA 9 285H RTX™ 5070 32GB RAM 1TB SSD 16-AN0075CL",HP,laptops,SL COMERCIO,15760.0,9878.0,0
"LAPTOP GAMER OMEN 16"" 2K WUXGA IPS INTEL® CORE™ ULTRA 9 285H RTX™ 5070 32GB RAM 1TB SSD 16-AN0075CL",HP,laptops,SL COMERCIO,15760.0,9878.0,0
"LAPTOP IDEAPAD SLIM 3 INTEL CORE I5-13420H RAM 16 GB SSD 512 GB 14"" OLED WINDOWS 11 PRO",LENOVO,laptops,YUYATEC,4499.0,3145.0,0
NOTEBOOK X1605VA-MB1235 CORE I7-13620H 16 WUXGA IPS 16GB RAM DDR4 512GB SSD,ASUS,laptops,A & I REAL COLORS,,3869.0,0
LAPTOP NITRO V 15 INTEL CORE 7 240H 16GB RAM 512GB RTX 5050 8GB 15.6″ FHD 180HZ WINDOWS 11,ACER,laptops,VICTORIA ILIMITADA,6899.0,5298.0,0
LAPTOP OMNIBOOK XFLIP 16-AS0023DX CORE ULTRA 7-256V 16GB 1TB SSD (B5UH1UA#ABA),HP,laptops,JA INNOVATION,6200.0,4389.0,0
LAPTOP OMNIBOOK XFLIP 16-AS0023DX CORE ULTRA 7-256V 16GB 1TB SSD (B5UH1UA#ABA),HP,laptops,JA INNOVATION,6200.0,4389.0,0
"LAPTOP HYBOOKPLUS14 CELERON N4020 4GB 128GB EMMC 14"" (HT14CC1C46SG)",HYUNDAI,laptops,NORTICO PE,2649.0,2349.0,0
"LAPTOP HYBOOK PLUS 14 CELERON N4020 4GB 128GBEMMC 14"" (HT14CC1C46SG)",HYUNDAI,laptops,NORTICO PE,1999.0,1799.0,0
"LAPTOP HYBOOK PLUS 14 CELERON N40204GB 128GB EMMC 14"" (HT14CC1C46SG)",HYUNDAI,laptops,NORTICO PE,1799.0,1599.0,0
"LAPTOP HYUNDAIHYBOOKPLUS 14 CELERON N4020 4GB 128GB EMMC 14"" (HT14CC1C46SG)",HYUNDAI,laptops,NORTICO PE,2499.0,2249.0,0
"LAPTOP VIVOBOOK 15 X1504MA INTEL CORE 7 350 16GB RAM 512GB SSD 15.6"" FHD TÁCTIL - TERRACOTA",ASUS,laptops,CORPORACION M & P,4499.0,3799.0,0
LAPTOP DC15250 INTEL CORE I7 1355U 32GB RAM 512GB SSD M.2 15.6 FHD FREEDOS,Dell,laptops,TEC Y BAZAR EIRL,4199.0,3349.0,0
LAPTOP V15 G4 AMN AMD ATHLON 7120U 8GB RAM 256GB SSD 15.6 FHD FREEDOS,LENOVO,laptops,TEC Y BAZAR EIRL,1769.0,1499.0,0
LAPTOP IDEAPAD SLIM 3 15IRH10 INTEL CORE I7 13620H 16GB RAM 1TB SSD 15.3 WUXGA IPS FREEDOS.,LENOVO,laptops,TEC Y BAZAR EIRL,3899.0,3199.0,0
"LAPTOP LOQ INTEL CORE I5 12450HX 8GB RAM 512GB SSD 6GB RTX 3050 15.6"" FHD.",LENOVO,laptops,IMPORTACIONES CASCHS,3600.0,3490.0,0
"LAPTOP GAMER NITRO V16 RYZEN AI 7 16GB 1TB SSD RTX 5060 8GB 16"" 180HZ  ANV16-61-R0YW",ACER,laptops,JA INNOVATION,7200.0,5860.0,0
"LAPTOP THINKPAD E16 CORE ULTRA 7 255H 16GB 512GB SSD 16"" FHD WINDOWS 11 PRO",LENOVO,laptops,GRUPO LPC,10369.0,7259.0,0
"LAPTOP 15 INTEL CORE 3 N350 8GB 128GB SSD 15.6"" FHD WINDOWS 11 AL15-36P-32XP",ACER,laptops,ALTEZA TECH,2500.0,1739.0,0
"LAPTOP THINKPAD L16 CORE ULTRA 7 255HX 16GB 1TB SSD 15.6"" FHD WINDOWS 11 PRO",LENOVO,laptops,GRUPO LPC,13199.0,9239.0,0
"LAPTOP THINKPAD E16 GEN 3 CORE ULTRA 7 255H 16GB 1TB 16"" WUXGA IPS WINDOWS 11 PRO",LENOVO,laptops,GRUPO LPC,11209.0,7849.0,0
"LAPTOP 15 INTEL CORE 3 N350 8GB 128GB SSD 15.6"" FHD WINDOWS 11 AL15-36P-32XP",ACER,laptops,ALTEZA TECH,2500.0,1739.0,0
"LAPTOP THINKPAD T16 CORE ULTRA 7 258V 16GB 1TB SSD 16"" FHD WINDOWS 11 PRO",LENOVO,laptops,GRUPO LPC,12859.0,8999.0,0
MACBOOK PRO 16″ M5 PRO 24GB RAM + 1TB SSD ( TECLADO INGLES ) - SPACE BLACK,APPLE,laptops,OH SHOP.,25000.0,13299.0,0
MACBOOK PRO 16″ M5 PRO 24GB RAM + 1TB SSD ( TECLADO INGLES ) - SPACE BLACK,APPLE,laptops,OH SHOP.,25000.0,11499.0,1
LAPTOP ASUS VIVOBOOK X1504VA-E84465 15.6″ INTEL CORE 5-120U 24GB 512GB FREEDOS,LENOVO,laptops,VICMARK,4299.0,3699.0,0
"ZENBOOK UM3406GA-WS76T RYZEN™ AI 7 445 1TB SSD 16GB 14"" OLED TOUCHSCREEN WIN11 JADE BLACK",ASUS,laptops,IVANCE ELECTRONIC ONLINE,6999.0,4949.0,0
"ZENBOOK UM3406GA-WS76T RYZEN™ AI 7 445 1TB SSD 16GB 14"" OLED TOUCHSCREEN WIN11 JADE BLACK",ASUS,laptops,IVANCE ELECTRONIC ONLINE,6999.0,4949.0,0
LAPTOP 17-CP2025 SILVER RYZEN 5 7520U 17.3 PULG FHD 8GB 512GB,HP,laptops,JA INNOVATION,4200.0,2529.0,0
LAPTOP 17-CP2025 SILVER RYZEN 5 7520U 17.3 PULG FHD 8GB 512GB,HP,laptops,JA INNOVATION,4200.0,2529.0,0
LAPTOP 15-FC0025WM AMD RYZEN 5 7520U 8GB 1TB SSD 15.6” PLATA,HP,laptops,OFERTEC PERU,3599.0,2699.0,0
"LAPTOP TECRA A50-K CORE I7-1260P 16GB 512GB SSD15.6"" (PML20U-0N8021 (S))",DYNABOOK,laptops,NORTICO PE,,3649.0,0
"LAPTOPDYNABOOKTECRA A50-K CORE I7-1260P 16GB 512GB SSD 15.6"" (PML20U-0N8021 (S))",DYNABOOK,laptops,NORTICO PE,,3999.0,0
"LAPTOP DYNABOOKTECRAA50-K CORE I7-1260P 16GB 512GB SSD 15.6"" (PML20U-0N8021 (S))",DYNABOOK,laptops,NORTICO PE,,4099.0,0
"LAPTOP TECRA A50-K CORE I7-1260P 16GB 512GB SSD 15.6"" (PML20U-0N8021(S))",DYNABOOK,laptops,NORTICO PE,,3899.0,0
"LAPTOP TECRAA50-KCORE I7-1260P 16GB 512GB SSD 15.6"" (PML20U-0N8021 (S))",DYNABOOK,laptops,NORTICO PE,,4199.0,0
"LAPTOP TECRA A50-K CORE I7-1260P 16GB512GB SSD 15.6"" (PML20U-0N8021 (S))",DYNABOOK,laptops,NORTICO PE,,3449.0,0
"LAPTOP TECRA A50-K CORE I7-1260P 16GB 512GBSSD 15.6"" (PML20U-0N8021 (S))",DYNABOOK,laptops,NORTICO PE,,3549.0,0
"LAPTOP TECRA A50-K CORE I7-1260P16GB 512GB SSD 15.6"" (PML20U-0N8021 (S))",DYNABOOK,laptops,NORTICO PE,,3349.0,0
"LAPTOP TECRA A50-K CORE I7-1260P 16GB 512GB SSD 15.6""(PML20U-0N8021 (S))",DYNABOOK,laptops,NORTICO PE,,3799.0,0
"LOQ 15IAX9 , CORE I5-12450HX, 8GB RAM, 512GB SSD, RTX 3050 6GB, 15.6″ FHD, WINDOWS 11",LENOVO,laptops,MUNDO LAPTOP,3999.0,3099.0,0
"TUF A18 FA808UM-IS74 RYZEN 7-260, 16GB RAM, 1TB SSD, RTX 5060 8GB, 18″ WUXGA, WINDOWS 11",ASUS,laptops,LEDA TECH,12500.0,6289.0,0
LAPTOP GAMER TUF A18 FA808UM-IS74 18″ AMD RYZEN 7 260 16GB RAM 1TB SSD RTX 5060 W11,ASUS,laptops,INFINITY SHOP,12500.0,6299.0,0
"LAPTOP 15 INTEL CORE 3 N350 8GB 128GB SSD 15.6"" FHD WINDOWS 11 AL15-36P-32XP",ACER,laptops,ALTEZA TECH,2500.0,1739.0,0
"LAPTOP CYBORG 15 CORE I7-13620H 16GB 512GB SSD RTX 5050 8GB 15.6"" FHD 144HZ WINDOWS 11 PRO",Msi,laptops,GRUPO LPC,10889.0,7619.0,0
"LAPTOP 15 INTEL CORE 3 N350 8GB 128GB SSD 15.6"" FHD WINDOWS 11 AL15-36P-32XP",ACER,laptops,ALTEZA TECH,2500.0,1739.0,0
"LAPTOP V15 G5 IRL INTEL CORE I7-13620H 16GB RAM 512GB SSD 15.6"" FHD LUNA GREY - 83GW005HLD",LENOVO,laptops,CORPORACION M & P,3999.0,3289.0,0
"LAPTOP V15 G5 IRL INTEL CORE I7-13620H 16GB RAM 512GB SSD 15.6"" FHD LUNA GREY - 83GW005HLD",LENOVO,laptops,NESSOUL E.I.R.L.,3999.0,3289.0,0
"LAPTOP V15 G5 IRL INTEL CORE I7-13620H 16GB RAM 512GB SSD 15.6"" FHD LUNA GREY - 83GW005HLD",LENOVO,laptops,NESSA SHOP PERU EIRL,3999.0,3289.0,0
"LAPTOP V15 G5 IRL INTEL CORE I7-13620H 16GB RAM 512GB SSD 15.6"" FHD LUNA GREY - 83GW005HLD",LENOVO,laptops,NESSOUL E.I.R.L.,3999.0,3289.0,0
"LAPTOP V15 G5 IRL INTEL CORE I7-13620H 16GB RAM 512GB SSD 15.6"" FHD LUNA GREY - 83GW005HLD",LENOVO,laptops,NESSA SHOP PERU EIRL,3999.0,3289.0,0
"LAPTOP V15 G5 IRL INTEL CORE I7-13620H 16GB RAM 512GB SSD 15.6"" FHD LUNA GREY - 83GW005HLD",LENOVO,laptops,NESSA SHOP PERU EIRL,3999.0,3289.0,0
LAPTOP ASUS VIVOBOOK X1504VA-E84465 15.6″ INTEL CORE 5-120U 24GB 512GB FREEDOS,LENOVO,laptops,IVANCE ELECTRONIC ONLINE,4299.0,3699.0,0
"LAPTOP ASUS TUF FX608JHR-RV169 F16 INTEL CORE I7-14650HX RAM 16GB SSD 1TB RTX 5050 16"" WUXGA WIN11",LENOVO,laptops,CHARATEC,10150.0,7250.0,0
NUEVA MACBOOK PRO 16″ M5 PRO 24GB RAM + 1TB SSD ( TECLADO INGLES ) - SPACE BLACK,APPLE,laptops,BAKO,25000.0,13299.0,0
"LAPTOP IDEAPAD SLIM 3 14ARP10 AMD RYZEN 7 7735HS 16GB RAM 512GB SSD 14"" OLED WIN 11 HOME",LENOVO,laptops,CORPORACION M & P,3999.0,3099.0,0
"LAPTOP VIVOBOOK 15 M1502NAQ-BQ041 AMD RYZEN 7 170 16GB RAM 512GB SSD 15.6"" FHD - COOL SILVER",ASUS,laptops,NESSOUL E.I.R.L.,3799.0,3199.0,0
"LAPTOP IDEAPAD SLIM 3 CORE 7-350 RAM 16 GB SSD 512 GB 15.3"" WUXGA WINDOWS 11 PRO.",LENOVO,laptops,YUYATEC,4559.0,4200.0,0
LAPTOP VIVOBOOK 16 WUXGA SNAPDRAGON X X1‑26100 16GB 1TB SSD WIN11,ASUS,laptops,DISCOUNT TECH MIAMI PE,3449.0,2869.0,0
REACONDICIONADO LAPTOP PRECISION 5570 CORE I9-12900H 32GB1TBSSD A2000 15.6,Dell,laptops,NORTICO PE,,8899.0,0
REACONDICIONADO LAPTOP PRECISION 5570 CORE I9-12900H 32GB 1TB SSD A200015.6,Dell,laptops,NORTICO PE,,7999.0,0
"LAPTOP FA608UMI-TU255 AMD RYZEN 7 -260 RAM 16GB. SSD 512GB RTX 5060 16"" FHD FREEDOS",ASUS,laptops,CORPORACION CHARATEC,8889.0,6349.0,0
IDEAPAD SLIM 3 15Q8X10 SNAPDRAGON X 512GB SSD 16GB DDR5 15.3 WUXGA WIN 11 83N3006BUS,LENOVO,laptops,JA INNOVATION,3199.0,2619.0,0
IDEAPAD SLIM 3 15Q8X10 SNAPDRAGON X 512GB SSD 16GB DDR5 15.3 WUXGA WIN 11 83N3006BUS,LENOVO,laptops,JA INNOVATION,3199.0,2619.0,0
LAPTOP CYBORG 15 CORE 7 240H 16GB DDR5 1TB SSD RTX 5070 8GB 15.6 FHD 144HZ WIN11 B2RWGKG-409US,Msi,laptops,ALTEZA TECH,8499.0,6669.0,0
LAPTOP CYBORG 15 CORE 7 240H 16GB DDR5 1TB SSD RTX 5070 8GB 15.6 FHD 144HZ WIN11 B2RWGKG-409US,Msi,laptops,ALTEZA TECH,8499.0,6669.0,0
LAPTOP CYBORG 15 CORE 7 240H 16GB DDR5 1TB SSD RTX 5070 8GB 15.6 FHD 144HZ WIN11 B2RWGKG-409US,Msi,laptops,ALTEZA TECH,8499.0,6669.0,0
LAPTOP CYBORG 15 CORE 7 240H 16GB DDR5 1TB SSD RTX 5070 8GB 15.6 FHD 144HZ WIN11 B2RWGKG-409US,Msi,laptops,ALTEZA TECH,8499.0,6669.0,0
REACONDICIONADOLAPTOPDELL PRECISION 5570 CORE I9-12900H 32GB 1TB SSD A2000 15.6,Dell,laptops,NORTICO PE,,8099.0,0
REACONDICIONADO LAPTOP PRECISION 5570 COREI9-12900H 32GB 1TB SSD A2000 15.6,Dell,laptops,NORTICO PE,,7449.0,0
REACONDICIONADO LAPTOP PRECISION 5570 CORE I9-12900H 32GB 1TB SSDA2000 15.6,Dell,laptops,NORTICO PE,,7899.0,0
REACONDICIONADO LAPTOP DELLPRECISION5570 CORE I9-12900H 32GB 1TB SSD A2000 15.6,Dell,laptops,NORTICO PE,,8349.0,0
REACONDICIONADO LAPTOP PRECISION5570CORE I9-12900H 32GB 1TB SSD A2000 15.6,Dell,laptops,NORTICO PE,,8449.0,0
REACONDICIONADO LAPTOPDELLPRECISION 5570 CORE I9-12900H 32GB 1TB SSD A2000 15.6,Dell,laptops,NORTICO PE,,8249.0,0
REACONDICIONADO LAPTOP PRECISION 5570 CORE I9-12900H32GB 1TB SSD A2000 15.6,Dell,laptops,NORTICO PE,,7599.0,0
REACONDICIONADO LAPTOP PRECISION 5570 CORE I9-12900H32GB1TB SSD A2000 15.6,Dell,laptops,NORTICO PE,,8799.0,0
REACONDICIONADO LAPTOP PRECISION 5570COREI9-12900H 32GB 1TB SSD A2000 15.6,Dell,laptops,NORTICO PE,,8549.0,0
REACONDICIONADO LAPTOP PRECISION 5570 COREI9-12900H32GB 1TB SSD A2000 15.6,Dell,laptops,NORTICO PE,,8649.0,0
REACONDICIONADO LAPTOP PRECISION 5570 CORE I9-12900H 32GB1TB SSD A2000 15.6,Dell,laptops,NORTICO PE,,7699.0,0
REACONDICIONADO LAPTOP PRECISION 5570 CORE I9-12900H 32GB 1TBSSD A2000 15.6,Dell,laptops,NORTICO PE,,7799.0,0
"LAPTOP GAMER VICTUS 15-FB3019LA 15.6"" FHD AMD RYZEN™ 7 7445H GEFORCE RTX™ 3050 8GB DDR5 512GB SSD",HP,laptops,VICTORIA ILIMITADA,5999.9,3349.0,0
"LAPTOP GAMER V16 V3607VM-ES74 INTEL® CORE™ 7 240H RTX™ 5060 16GB RAM 512GB SSD 16"" WUXGA IPS",ASUS,laptops,IVANCE ELECTRONIC ONLINE,9999.0,6189.0,0
"LAPTOP OMNIBOOK 3 16"" WUXGA TOUCH AMD RYZEN 5 40 8GB 256GB SSD WINDOWS 11 16-BY0015DX",HP,laptops,ALTEZA TECH,3000.0,2205.0,0
"LAPTOP V15 G5 IRL INTEL CORE 5 210H 8GB RAM 512GB SSD 15.6"" FHD LUNA GREY - 83HFS03B00",LENOVO,laptops,NESSA SHOP PERU EIRL,2999.0,2549.0,0
"LAPTOP 15-FD0260LA INTEL CORE 5 120U, 16GB RAM, 512GB SSD 15.6""-B9TX9LA",HP,laptops,A & I REAL COLORS,,3849.0,0
"LAPTOP 14-DQ6105DX N1504GB 128GB UFS 14"" (D0SN9UA#ABA)",HP,laptops,JA INNOVATION,2000.0,1148.0,0
"LAPTOP IDEAPAD SLIM 3 15IRH10 INTEL CORE I5-13420H 16GB RAM 512GB SSD 15.3"" 83K100NVLM",LENOVO,laptops,ZAVITECH,4200.0,2999.0,0
LAPTOP IDEAPAD SLIM3 R5 7520U 16GB RAM 512GB SSD L PN: 82XQ00N6LM,LENOVO,laptops,TECNOLOGIA INFORMATICA Y CONSULTORIA,,3743.33,0
"LAPTOP VIVOBOOK 16 X1605VA-MB1440 INTEL CORE I7-1362H 16GB RAM 512GB SSD 16"" WUXGA INDIE BLACK",ASUS,laptops,NESSA SHOP PERU EIRL,3699.0,3499.0,0
"LAPTOP VIVOBOOK 16 X1605VA-MB1440 INTEL CORE I7-1362H 16GB RAM 512GB SSD 16"" WUXGA INDIE BLACK",ASUS,laptops,NESSA SHOP PERU EIRL,3699.0,3499.0,0
"LAPTOP LOQ 15IRX11, I5-13450HX, 16GB RAM, 512GB SSD, RTX5050, SIN WINDOWS, 15.6 83SC0055LM.",LENOVO,laptops,SUPERTEC,4999.0,4309.0,0
"LAPTOP YOGA 7 2 EN 1 16IML9 INTEL CORE ULTRA 7 155U 16 GB 1TB 16"" WUXGA TÁCTIL - 83DL0002US",LENOVO,laptops,ALTEZA TECH,6200.0,4779.0,0
"LAPTOP YOGA 7 2 EN 1 16IML9 INTEL CORE ULTRA 7 155U 16 GB 1TB 16"" WUXGA TÁCTIL - 83DL0002US",LENOVO,laptops,ALTEZA TECH,6200.0,4779.0,0
"LAPTOP YOGA 7 2 EN 1 16IML9 INTEL CORE ULTRA 7 155U 16 GB 1TB 16"" WUXGA TÁCTIL - 83DL0002US",LENOVO,laptops,ALTEZA TECH,6200.0,4799.0,0
"LAPTOP IDEAPAD SLIM 3 15ARP10 AMD RYZEN 7 170 16GB RAM 512GB SSD 15.3"" WUXGA TÁCTIL",LENOVO,laptops,NESSA SHOP PERU EIRL,3999.0,3249.0,0
"LAPTOP IDEAPAD SLIM 3 15ARP10 AMD RYZEN 7 170 16GB RAM 512GB SSD 15.3"" WUXGA TÁCTIL",LENOVO,laptops,NESSA SHOP PERU EIRL,3999.0,3249.0,0
"LAPTOP GAMING TUF GAMING A16 16"" WUXGA RYZEN 9 8940HX 16GB RAM 1TB SSD RTX 5060 8GB",ASUS,laptops,VICTORIA ILIMITADA,8500.0,7920.0,0
LAPTOP GAMER PREDATOR HELIOS NEO 14 PHN14-51-79UB INTEL CORE ULTRA 7-155H 16GB 1TB SSD RTX 4070-8GB,ACER,laptops,ZAVITECH,14000.0,8199.9,0
"LAPTOP ASPIRE GO 15 RYZEN 7 7730U 16GB RAM 512GB SSD 15.6"" FHD WIN11 AG15-42P-R917",ACER,laptops,ALTEZA TECH,3999.0,2619.0,0
LAPTOP PRECISION 7750 CORE I7 10MA 8GB RAM 256 GB SSD 16GB VIDEO REACONDICIONADA,Dell,laptops,IMTEC.,4603.9,4264.9,0
LAPTOP LATITUDE 3520 CORE I5 11VA 16GB RAM 512 GB SSD REACONDICIONADA,Dell,laptops,IMTEC.,2073.9,1734.9,1
LAPTOP LATITUDE 3520 CORE I5 11VA 8GB RAM 512 GB SSD REACONDICIONADA,Dell,laptops,IMTEC.,1963.9,1624.9,1
"LAPTOP THINKPAD L14 GEN2 14"" I7-1165G7 16GB - P/N: 20X2S9GY00",LENOVO,laptops,TECNOLOGIA INFORMATICA Y CONSULTORIA,,6326.67,0
"LAPTOP OMNIBOOK 5 RYZEN 5 8540U 8GB DDR5 512GB SSD 16"" WUXGA WIN11 B5PB5UA#ABA",HP,laptops,JA INNOVATION,4299.0,2499.0,0
"LAPTOP IDEAPAD 1 15AMN7 AMD RYZEN 5-7520U 8GB RAM 256GB SSD 15.6"" FHD - 82VG00WXUS",LENOVO,laptops,IVANCE ELECTRONIC ONLINE,2900.0,1970.0,0
"LAPTOP TUF GAMING A16 AMD RYZEN 9 8940HX 16GB RAM 1TB SSD RTX 5060-8GB 16"" WUXGA 165 HZ",ASUS,laptops,NESSA SHOP PERU EIRL,8999.0,7999.0,0
"LAPTOP TUF GAMING A16 AMD RYZEN 9 8940HX 16GB RAM 1TB SSD RTX 5060-8GB 16"" WUXGA 165 HZ",ASUS,laptops,CORPORACION M & P,8999.0,7999.0,0
"LAPTOP TUF GAMING A16 AMD RYZEN 9 8940HX 16GB RAM 1TB SSD RTX 5060-8GB 16"" WUXGA 165 HZ",ASUS,laptops,NESSA SHOP PERU EIRL,8999.0,7999.0,0
"LAPTOP TUF GAMING A16 AMD RYZEN 9 8940HX 16GB RAM 1TB SSD RTX 5060-8GB 16"" WUXGA 165 HZ",ASUS,laptops,NESSA SHOP PERU EIRL,8999.0,7999.0,0
"LAPTOP TUF GAMING A16 AMD RYZEN 9 8940HX 16GB RAM 1TB SSD RTX 5060-8GB 16"" WUXGA 165 HZ",ASUS,laptops,NESSA SHOP PERU EIRL,8999.0,7999.0,0
"LAPTOP TUF GAMING A16 AMD RYZEN 9 8940HX 16GB RAM 1TB SSD RTX 5060-8GB 16"" WUXGA 165 HZ",ASUS,laptops,CORPORACION M & P,8999.0,7999.0,0
LAPTOP VIVOBOOK F1605VA-WS96 16 WUXGA INTEL CORE I9-13900H 16GB 1TB SSD WINDOWS 11 COOL SILVER,ASUS,laptops,SEVEN SHOP,4599.0,4199.0,0
"MACBOOK AIR 2018 13.3"" I5 8GB RAM + 128GB SSD GRIS ESPACIAL REACONDICIONADO GRADO A.",APPLE,laptops,KPDM,3200.0,1999.0,1
"MACBOOK AIR 2018 13.3"" I5 8GB RAM + 256GB SSD GRIS ESPACIAL REACONDICIONADO GRADO A.",APPLE,laptops,KPDM,3500.0,2199.0,1
LAPTOP INTEL CELERON N4020 - 8GB RAM - 256GB SSD - 15.6 PULGADAS,ADVANCE,laptops,PC IMPORTACIONES,1999.0,1300.0,1
"LAPTOP 15-FD2384LA INTEL CORE ULTRA 7 255U 24GB RAM 512GB SSD 15.6"" FHD TÁCTIL - DORADO CÁLIDO",HP,laptops,VICTORIA ILIMITADA,3999.0,3625.0,0
PORTÁTIL - IDEAPAD SLIM 3 15IRH10 83K1016CLM 38.9CM PN: 83K1016CLM,LENOVO,laptops,TECNOLOGIA INFORMATICA Y CONSULTORIA,,4180.0,0
LAPTOP NITRO ANV15-52-57BB INTEL CORE I5-13420H 16GB RAM 512GB SSD RTX5050-8GB 156 FHD WIN11,ACER,laptops,SEVEN SHOP,6900.0,4498.0,0
LAPTOP NOTEBOOK TUF GAMING F16 INTEL® CORE™ I7-14650HX 16GB RAM 512G SSD RTX™ 5050 FX608JHR-RV314,ASUS,laptops,SL COMERCIO,12260.0,6129.0,0
LAPTOP NOTEBOOK TUF GAMING F16 INTEL® CORE™ I7-14650HX 16GB RAM 512G SSD RTX™ 5050 FX608JHR-RV314,ASUS,laptops,SL COMERCIO,12260.0,6129.0,0
"LAPTOP IDEAPAD 5 2-EN-1 16AKP10 RYZEN AI 7 350 16GB RAM 1TB 16"" WUXGA -83KU0013US",LENOVO,laptops,SEVEN SHOP,5900.0,5399.0,0
"LAPTOP LOQ 15AHP10 AMD RYZEN 7 250 16GB RAM 512GB SSD RTX 5050-8GB 15.6"" FHD 144HZ",LENOVO,laptops,NESSA SHOP PERU EIRL,6999.0,5499.0,0
"LAPTOP 15-FC0256LA R5-7250U/16GB/512SSD/15.6""/FREEDOS",HP,laptops,COMPUUSA,3799.0,2899.0,0
"LAPTOP HYBOOK PLUS INTEL CELERON N4020 4GB RAM 128GB SSD 14"" HD WIN 11 - GRIS HT14CC1C46SG",HYUNDAI,laptops,JA INNOVATION,1290.0,810.0,0
"LAPTOP HYBOOK PLUS INTEL CELERON N4020 4GB RAM 128GB SSD 14"" HD WIN 11 - GRIS HT14CC1C46SG",HYUNDAI,laptops,JA INNOVATION,1290.0,810.0,0
"LAPTOP 2 EN 1 IDEAPAD 5 14"" TOUCH WUXGA IPS RYZEN AI 7 350 16GB LPDDR5X 512GB LUNA GREY",LENOVO,laptops,IMPRIONTS PERU,4900.0,4700.0,0
"LAPTOP GAMING V16 16"" INTEL CORE 5 210H 512GB SSD 8GB RAM RTX3050 V3607VJ-TK185W",ASUS,laptops,ALTEZA TECH,5200.0,3390.0,0
"LAPTOP IDEAPAD SLIM 5 14"" OLED CORE ULTRA 9-185H INTEL ARC GRAPHICS 16GB RAM 1TB SSD.",LENOVO,laptops,LAPTOPSHOP PERU.,5989.0,4539.0,0
"LAPTOP TUF GAMING F16 FX608JMR CORE I7-14650HX 32GB 1TB SSD RTX5060 16"" (90NR0NB1-M003N0)",ASUS,laptops,NORTICO PE,9599.0,8349.0,0
LAPTOP TUF GAMING F16 FX608JHCORE I7-14650HX 16GB 512GB SSD RTX 5050 16 90NR0NA1-M00HM0,ASUS,laptops,NORTICO PE,,6549.0,0
LAPTOP TUF GAMING F16 FX608JH CORE I7-14650HX16GB 512GB SSD RTX 5050 16 90NR0NA1-M00HM0,ASUS,laptops,NORTICO PE,,6749.0,0
LAPTOP TUF GAMING F16 FX608JH CORE I7-14650HX 16GB512GB SSD RTX 5050 16 90NR0NA1-M00HM0,ASUS,laptops,NORTICO PE,,6849.0,0
"LAPTOP 15-FD2384LA INTEL CORE ULTRA 7 255U 24GB RAM 512GB SSD 15.6"" FHD TÁCTIL - DORADO CÁLIDO",HP,laptops,VICTORIA ILIMITADA,3999.0,3625.0,0
LAPTOP NOTEBOOK VIVOBOOK F1605VA-WS96 16 WUXGA INTEL® CORE™ I9-13900H 16GB RAM 1TB SSD RAM - COOL SILVER,ASUS,laptops,SL COMERCIO,7900.0,4199.0,0
"LAPTOP V15 G4 AMN AMD RYZEN 3 7320U 8GB RAM 256GB SSD 15.6"" FHD ARCTIC GREY - 82YU00X4LM",LENOVO,laptops,CORPORACION M & P,2299.0,1789.0,0
"LAPTOP GAMING V16 16"" INTEL CORE 5 210H 512GB SSD 8GB RAM RTX3050 V3607VJ-TK185W",ASUS,laptops,JA INNOVATION,5200.0,3360.0,0
"LAPTOP V15 G4 AMN AMD RYZEN 3 7320U 8GB RAM 256GB SSD 15.6"" FHD ARCTIC GREY - 82YU00X4LM",LENOVO,laptops,NESSOUL E.I.R.L.,2299.0,1789.0,0
"LAPTOP V15 G4 AMN AMD RYZEN 3 7320U 8GB RAM 256GB SSD 15.6"" FHD ARCTIC GREY - 82YU00X4LM",LENOVO,laptops,NESSA SHOP PERU EIRL,2299.0,1789.0,0
LAPTOP OMEN 16-AP0053DX /AMD RYZEN 9-8940HX /32GB RAM /1TB SSD /RTX5060-8GB/ 16 WUXGA,HP,laptops,MORAL STORE,7999.0,7699.0,0
"LAPTOP ROG STRIX G16 G615JMR INTEL CORE I7-14650HX 16GB RAM 1TB SSD RTX 5060-8GB 16"" WUXGA",ASUS,laptops,NESSA SHOP PERU EIRL,8999.0,7899.0,0
"LAPTOP 15 INTEL CORE 3 N350 8GB 128GB SSD 15.6"" FHD WINDOWS 11 AL15-36P-32XP",ACER,laptops,JA INNOVATION,2500.0,1699.0,0
"LAPTOP GAMING LEGION 5 15IAX10 ECLIPSE BLACK 15.1"" OLED WQXGA INTEL CORE ULTRA 9 275HX 16GB RAM 1TB SSD RTX 5070 8GB",LENOVO,laptops,VICTORIA ILIMITADA,9550.0,9100.0,0
"LAPTOP NOTEBOOK 250R G10 15.6"" FHD INTEL® CORE™ 7 150U INTEL® GRAPHICS 16GB DDR5 512GB SSD - D2DX8AT",HP,laptops,SL COMERCIO,6799.9,3349.0,0
"LAPTOP NOTEBOOK 250R G10 15.6"" FHD INTEL® CORE™ 7 150U INTEL® GRAPHICS 16GB DDR5 512GB SSD - D2DX8AT",HP,laptops,SL COMERCIO,6799.9,3389.0,0
"LAPTOP OMEN HYPER X 16-AM2013DX CORE ULTRA 7 356H 16GB 512GB RTX 5060 16"" 165HZ WIN11",HP,laptops,VICTORIA ILIMITADA,9999.0,6999.0,0
"LAPTOP GAMER KATANA 15 15.6"" INTEL® CORE™ I7 14650HX 16GB RAM 512GB SSD GEFORCE RTX5050 B14WEK-001US NEGRO",Msi,laptops,VICTORIA ILIMITADA,11000.0,5549.0,0
"LAPTOP LEGION 5 INTEL CORE ULTRA 9 275HX 16GB 1TB SSD 15.1""WQXGA RTX5070 83F0001TUS",LENOVO,laptops,VICMARK,10000.0,9100.0,0
"LAPTOP IDEAPAD SLIM 3 15IRH10 INTEL CORE I5-13420H 16GB RAM 512GB SSD 15.3"" 83K100NVLM",LENOVO,laptops,ZAVITECH,4200.0,2999.0,0
"LAPTOP TECRA A 50K PML20U0N8021 INTEL COREI7-1260P 16GB RAM 512GB SSD 15.6"" FHD WIND 10 PRO",DYNABOOK,laptops,SEVEN SHOP,4200.0,2779.0,0
LAPTOP GAMER LEGION PRO 5 16IAX10 INTEL® CORE™ ULTRA 9 275HX GEFORCE RTX™ 5070 32GB RAM 1TB SSD - 83F3000HUS,LENOVO,laptops,CADEZ TECHNOLOGY,18000.0,11699.0,0
LAPTOP GAMER LEGION PRO 5 16IAX10 INTEL® CORE™ ULTRA 9 275HX GEFORCE RTX™ 5070 32GB RAM 1TB SSD - 83F3000HUS,LENOVO,laptops,CORPORACION PORTAL,18000.0,11799.0,0
LAPTOP VIVOBOOK F1605VA-WS96 16 WUXGA INTEL CORE I9-13900H 16GB 1TB SSD WINDOWS 11 COOL SILVER,ASUS,laptops,SEVEN SHOP,4599.0,4199.0,0
"LAPTOP VIVOBOOK 15 X1504MA INTEL CORE 7 350 16GB RAM 512GB SSD 15.6"" FHD TÁCTIL - TERRACOTA",ASUS,laptops,CORPORACION M & P,4499.0,3799.0,0
"LAPTOP GAMER KATANA 17 B13VFK-1293PE 17.3"" INTEL® CORE I7-13620H 16GB DDR5 512GB SSD RTX 4060",Msi,laptops,ZAVITECH,12000.0,6849.0,0
LAPTOP LEGION 5 15IRX10 83LY0007US INTEL CORE I9-14900HX 16GB RAM 1TB SSD RTX 5070 83LY0007U,LENOVO,laptops,ALTEZA TECH,10000.0,8609.0,0
"LAPTOP TUF GAMING A16 FA607NUQ-WS73 AMD RYZEN 7 170 16GB RAM 512GB SSD RTX 4050-6GB 16"" WUXGA",ASUS,laptops,JA INNOVATION,5599.0,4890.0,0
"LAPTOP IDEAPAD SLIM 3 14IRH10 INTEL CORE I5-13420H 16GB RAM 512GB SSD 14"" OLED WUXGA",LENOVO,laptops,CORPORACION M & P,3499.0,2999.0,0
"LAPTOP IDEAPAD SLIM 3 14IRH10 INTEL CORE I5-13420H 16GB RAM 512GB SSD 14"" OLED WUXGA",LENOVO,laptops,CORPORACION M & P,3499.0,2999.0,0
"LAPTOP IDEAPAD SLIM 3 14IRH10 INTEL CORE I5-13420H 16GB RAM 512GB SSD 14"" OLED WUXGA",LENOVO,laptops,NESSOUL E.I.R.L.,3499.0,2999.0,0
"LAPTOP IDEAPAD SLIM 3 14IRH10 INTEL CORE I5-13420H 16GB RAM 512GB SSD 14"" OLED WUXGA",LENOVO,laptops,NESSA SHOP PERU EIRL,3499.0,2999.0,0
"LAPTOP IDEAPAD SLIM 3 14IRH10 INTEL CORE I5-13420H 16GB RAM 512GB SSD 14"" OLED WUXGA",LENOVO,laptops,CORPORACION M & P,3499.0,2999.0,0
"LAPTOP TUF GAMING A18 18"" WUXGA 144HZ RYZEN 7 260 16GB 1TB RTX 5050 FA808UH-RS74",ASUS,laptops,JA INNOVATION,7999.0,6459.0,0
"LAPTOP IDEAPAD SLIM 3 14IRH10 INTEL CORE I5-13420H 16GB RAM 512GB SSD 14"" OLED WUXGA",LENOVO,laptops,NESSOUL E.I.R.L.,3499.0,2999.0,0
"NOTEBOOK VICTUS GAMING 15-FA2035LA, 15.6 FHD IPS, CORE I5-13420H HASTA 4.6G, 8GB DDR4",HP,laptops,SIMI PERU,7083.0,4958.0,0
NOTEBOOK THINKBOOK 14 21SJ00B1LM INTEL CORE ULTRA 7 255H 16GB 512GB WINDOWS 11 PRO,LENOVO,laptops,SIMI PERU,6640.0,5976.0,0
"LAPTOP NITRO V16 INTEL CORE 7 240H 16GB RAM 512GB SSD RTX 5050-8GB 16"" 180 HZ ANV16-72-789X",ACER,laptops,ALTEZA TECH,7899.0,5269.0,0
"LAPTOP NITRO V16 INTEL CORE 7 240H 16GB RAM 512GB SSD RTX 5050-8GB 16"" 180 HZ ANV16-72-789X",ACER,laptops,ALTEZA TECH,7899.0,5269.0,0
"LAPTOP NITRO V16 INTEL CORE 7 240H 16GB RAM 512GB SSD RTX 5050-8GB 16"" 180 HZ ANV16-72-789X",ACER,laptops,ALTEZA TECH,7899.0,5269.0,0
"LAPTOP 250 G10 INTEL CORE I5-1334U 8GB RAM 512GB SSD 15.6"" HD GRIS OSCURO - B5UU9AT",HP,laptops,NESSOUL E.I.R.L.,2799.0,2399.0,0
"LAPTOP ROG ZEPHYRUS G14 AMD RYZEN 9 270 16GB RAM 1TB SSD RTX 5060-8GB 14"" 3K OLED 120HZ",ASUS,laptops,NESSA SHOP PERU EIRL,9999.0,8799.0,0
"LAPTOP VIVOBOOK 15 E1504FA-BQ547 AMD RYZEN 5 7520U 16GB RAM 512GB SSD 15.6"" FHD - GREEN GREY",ASUS,laptops,CORPORACION M & P,2999.0,2899.0,0
"LAPTOP VIVOBOOK 16 INTEL CORE 9 270H RAM 16 GB SSD 512 GB 16"" WUXGA WINDOWS 11 PRO.",ASUS,laptops,YUYATEC,5169.0,4080.0,0
"LAPTOP 14-FM0013DX INTEL CORE ULTRA 5-226V 16GB 512GB SSD 14"" 2K TACTIL WIN11",HP,laptops,JA INNOVATION,5200.0,3835.0,0
"LAPTOP 15 RYZEN 7 7730U 16GB DDR4 512GB SSD 15.6"" FHD TOUCH WIN11 15-FC0225DX",HP,laptops,ALTEZA TECH,4999.0,3040.0,0
"LAPTOP 15 RYZEN 7 7730U 16GB DDR4 512GB SSD 15.6"" FHD TOUCH WIN11 15-FC0225DX",HP,laptops,ALTEZA TECH,4999.0,3040.0,0
"LAPTOP 15-FD2361LA INTEL CORE ULTRA 5 225U 16GB RAM 512GB SSD 15.6"" FHD - DORADO CALIDO",HP,laptops,CORPORACION M & P,3499.0,2999.0,0
MACBOOK PRO 14″ M5 16GB RAM 1TB SSD TECLADO INGLES - SILVER,APPLE,laptops,PRO,9999.0,8199.0,0
"LAPTOP VIVOBOOK 15 E1504FA-BQ547 AMD RYZEN 5 7520U 16GB RAM 512GB SSD 15.6"" FHD - GREEN GREY",ASUS,laptops,NESSOUL E.I.R.L.,2999.0,2899.0,0
"LAPTOP ROG ZEPHYRUS G14 AMD RYZEN 9 270 16GB RAM 1TB SSD RTX 5060-8GB 14"" 3K OLED 120HZ",ASUS,laptops,NESSA SHOP PERU EIRL,9999.0,8799.0,0
LAPTOP TUF GAMING F16 FX608JMR INTEL CORE I7 14650HX 32GB RAM 1TB SSD RTX 5060-8GB 16 WUXGA,ASUS,laptops,CADEZ TECHNOLOGY,14380.0,7189.0,0
LAPTOP TUF GAMING F16 FX608JMR INTEL CORE I7 14650HX 32GB RAM 1TB SSD RTX 5060-8GB 16 WUXGA.,ASUS,laptops,CORPORACION PORTAL,14380.0,7289.0,0
"NB OMNIBOOK 3 14-HU0051LA 14"" 2K IPS CORE 5 120U HASTA 5GHZ 8GB DDR5 512GB SSD M.2",HP,laptops,LOGINSTORE,,3258.5,0
"LAPTOP LEGION 5 15IRX10 INTEL CORE I7-14700HX 16GB RAM 1TB SSD RTX 5060-8GB 15.1"" OLED 165 HZ",LENOVO,laptops,NESSOUL E.I.R.L.,8999.0,8299.0,0
"LAPTOP OMNIBOOK X FLIP 16-AS0023DX/ INTEL CORE ULTRA 7 -256V/16 GB RAM /1 TB SSD/16"" 2K.",HP,laptops,MORAL STORE,5299.0,4699.0,0
LAPTOP LEGION 5 15.3 WUXGA 165HZ IPS RYZEN 7 260 RTX 5060 8GB 16GB DDR5 1TB SSD,LENOVO,laptops,GLOBAL TECH,10309.0,7929.0,0
LAPTOP IDEAPAD SLIM 3 15.3 WUXGA IPS CORE I5-13420H 8GB DDR5 512GB SSD LUNA GREY 83K101LTLM,LENOVO,laptops,GLOBAL TECH,3849.0,2959.0,0
LAPTOP 83GW005NLD V15 G5 IRL INTEL® CORE™ I3-1315U 8GB RAM 256GB SSD INTEL® UHD GRAPHICS,LENOVO,laptops,SL COMERCIO,3600.0,1998.0,0
LAPTOP NOTEBOOK V15 G5 IRL 15.6 FHD INTEL® CORE™ I3-1315U 8GB DDR5 512GB SSD 83GW005MLD,LENOVO,laptops,INFINITY SHOP,3860.0,1948.0,0
"LAPTOP LEGION 5 15IRX10 INTEL CORE I7-14700HX 16GB RAM 1TB SSD RTX 5060-8GB 15.1"" OLED 165 HZ",LENOVO,laptops,NESSOUL E.I.R.L.,8999.0,8299.0,0
"LAPTOP LEGION 5 15IRX10 INTEL CORE I7-14700HX 16GB RAM 1TB SSD RTX 5060-8GB 15.1"" OLED 165 HZ",LENOVO,laptops,NESSA SHOP PERU EIRL,8999.0,8299.0,0
"LAPTOP LEGION 5 15IRX10 INTEL CORE I7-14700HX 16GB RAM 1TB SSD RTX 5060-8GB 15.1"" OLED 165 HZ",LENOVO,laptops,NESSA SHOP PERU EIRL,8999.0,8299.0,0
"LAPTOP TUF GAMING A16 AMD RYZEN 7 260 16GB RAM 512GB SSD RTX 5060-8GB 16"" WUXGA 144HZ",ASUS,laptops,CORPORACION M & P,7999.0,6549.0,0
"LAPTOP 255 G10, AMD RYZEN 3 7320U, 8GB DDR4, 256GB SSD, 15.6″LED",HP,laptops,SEVEN SHOP,2200.0,1998.0,0
LEGION PRO 5 16IRX9 INTEL CORE I9-14900HX 16GB 1TB SSD 16'' WQXGA 8GB RTX 4060 WQXGA WIN 11.,LENOVO,laptops,ZETATECH PERU,9499.0,6899.0,0
LAPTOP NV9854 INTEL CELERON N4020 8GB RAM 256GB SSD 156”.,ADVANCE,laptops,PRATECH SAC,,1899.0,0
"LAPTOP ROG STRIX G16 G615JMR INTEL CORE I7-14650HX 16GB RAM 1TB SSD RTX 5060-8GB 16"" WUXGA",ASUS,laptops,NESSA SHOP PERU EIRL,8999.0,7899.0,0
"LAPTOP CYBORG 15 B2RWFKG-071US GAMING INTEL CORE 7-240H , 512GB",Msi,laptops,ALTEZA TECH,9000.0,6149.0,0
"LAPTOP CYBORG 15 B2RWFKG-071US GAMING INTEL CORE 7-240H , 512GB",Msi,laptops,ALTEZA TECH,9000.0,6149.0,0
"LAPTOP CYBORG 15 B2RWFKG-071US GAMING INTEL CORE 7-240H , 512GB",Msi,laptops,ALTEZA TECH,9000.0,6149.0,0
"LAPTOP CYBORG 15 B2RWFKG-071US GAMING INTEL CORE 7-240H , 512GB",Msi,laptops,ALTEZA TECH,9000.0,6149.0,0
"LAPTOP CYBORG 15 B2RWFKG-071US GAMING INTEL CORE 7-240H , 512GB",Msi,laptops,ALTEZA TECH,9000.0,6149.0,0
"LAPTOP IDEAPAD SLIM 3 CORE I3-N305 8GB RAM 512GB SSD 15.6"" FULL HD + MOCHILA Y MOUSE",LENOVO,laptops,GRUPO R & Q S.A.C,2750.0,2199.0,0
LAPTOP V15 G5 IRL INTEL I7 13620H 83GW005HLD RAM 16GB DDR5 SSD 512GB 15.6 FHD.,LENOVO,laptops,CORPORACION LUANA,4806.0,3422.0,0
LAPTOP V15 G5 IRL INTEL I5 13420H 83GW005LLD RAM 8GB DDR5 SSD 512GB 15.6 FHD LUNA GREY,LENOVO,laptops,CORPORACION LUANA,3292.0,2660.0,0
LAPTOP V15 G5 IRL INTEL CORE I7 13620H 83GW005FLD RAM 16GB DDR5 SSD 1TB 15.6 FHD.,LENOVO,laptops,CORPORACION LUANA,4734.0,3559.0,0
"LAPTOP IDEAPAD SLIM 3 15.6"" WUXGA INTEL CORE I7-13620H RAM 16GB SSD 1TB FREEDOS",LENOVO,laptops,CORPORACION CHARATEC,4606.0,3290.0,0
LAPTOP 250 G10 INTEL CORE I5 13VA GEN RAM 16GB SSD 512GB 156 HD WINDOWS 11.,HP,laptops,CHARATEC,3919.0,2799.0,0
MACBOOK PRO 16″ ( M5 PRO ) 24GB RAM + 1TB SSD ( TECLADO INGLES ) - SPACE BLACK,APPLE,laptops,OH GLOBAL  S.A.C.,15999.0,13299.0,0
"LAPTOP ROG STRIX G614PM-221W AMD R9 8940HX RAM 16GB SSD 512GB RTX 5060 8GB 16""WUXGA WIN11",ASUS,laptops,CHARATEC,11606.0,8290.0,0
"NOTEBOOK ADV-NV9857, 15.6 FHD IPS, CELERON N4500 1.1GHZ, 8GB DDR4, 256GB SSD",ADVANCE,laptops,SIMI PERU,1861.0,1489.0,0
"LAPTOP EXPERTBOOK AMD RYZEN 5 150 RAM 16 GB SSD 512 GB 15.6"" FHD WINDOWS 11 PRO",ASUS,laptops,YUYATEC,3589.0,3050.0,0
"LAPTOP HYBOOK PLUS 14 CELERON N4020 4GB 128GB EMMC14"" (HT14CC1C46SG)",HYUNDAI,laptops,NORTICO PE,2199.0,1949.0,0
"LAPTOP HYBOOK PLUS14CELERON N4020 4GB 128GB EMMC 14"" (HT14CC1C46SG)",HYUNDAI,laptops,NORTICO PE,2749.0,2449.0,0
"LAPTOPHYUNDAIHYBOOK PLUS 14 CELERON N4020 4GB 128GB EMMC 14"" (HT14CC1C46SG)",HYUNDAI,laptops,NORTICO PE,2399.0,2149.0,0
"LAPTOP HYBOOKPLUS14 CELERON N4020 4GB 128GB EMMC 14"" (HT14CC1C46SG)",HYUNDAI,laptops,NORTICO PE,2649.0,2349.0,0
"LAPTOP HYBOOK PLUS 14 CELERON N4020 4GB 128GBEMMC 14"" (HT14CC1C46SG)",HYUNDAI,laptops,NORTICO PE,1999.0,1799.0,0
"LAPTOP HYBOOK PLUS 14 CELERON N40204GB 128GB EMMC 14"" (HT14CC1C46SG)",HYUNDAI,laptops,NORTICO PE,1799.0,1599.0,0
"LAPTOP HYUNDAIHYBOOKPLUS 14 CELERON N4020 4GB 128GB EMMC 14"" (HT14CC1C46SG)",HYUNDAI,laptops,NORTICO PE,2499.0,2249.0,0
"LAPTOP HYBOOK PLUS 14 CELERON N40204GB128GB EMMC 14"" (HT14CC1C46SG)",HYUNDAI,laptops,NORTICO PE,3149.0,2799.0,0
"LAPTOP VIVOBOOK 15 X1504MA INTEL CORE 7 350 16GB RAM 512GB SSD 15.6"" FHD TÁCTIL - TERRACOTA",ASUS,laptops,NESSOUL E.I.R.L.,4499.0,3799.0,0
"LAPTOP YOGA 7 (2 EN 1) 14AKP10, 14"" OLED 2.8K TÁCTIL, RYZEN AI 7 350, RAM 32GB, SSD 1TB, WIN.",LENOVO,laptops,GRUPO MAQUINON,9969.0,6479.0,0
"LAPTOP TUF A16 AMD RYZEN 9 8940HX RAM 16 GB 1 TB RTX5060 8GB 16"" WUXGA WINDOWS 11 HOME",ASUS,laptops,JA INNOVATION,9200.0,7999.0,0
"LAPTOP TUF A16 AMD RYZEN 9 8940HX RAM 16 GB 1 TB RTX5060 8GB 16"" WUXGA WINDOWS 11 HOME",ASUS,laptops,JA INNOVATION,9200.0,7999.0,0
"LAPTOP GAMER NITRO V16 RYZEN AI 7 16GB 1TB SSD RTX 5060 8GB 16"" 180HZ  ANV16-61-R0YW",ACER,laptops,JA INNOVATION,7200.0,5860.0,0
"TELEVISOR 75"" NANO 4K UHD AI NU80 SMART TV 2026",LG,tvs,FALABELLA,2799.0,2099.0,0
TELEVISOR 58'' QLED 4K UHD ROKU TV,JVC,tvs,TOTTUS,1599.0,949.0,1
"TELEVISOR 65"" QLED 4K 65T6C GOOGLE TV",TCL,tvs,FALABELLA,2199.0,1399.0,1
"TELEVISOR 55"" NANO 4K UHD AI NU80 SMART TV 2026",LG,tvs,FALABELLA,1999.0,1349.0,1
"TELEVISOR 43"" QLED 4K GOOGLE TV SMART TV",JVC,tvs,FALABELLA,1299.0,679.0,1
TELEVISOR 65'' MINI LED M80H VISION AI SMART TV (2026),SAMSUNG,tvs,FALABELLA,2599.0,2049.0,1
TELEVISOR 40'' QLED FHD ROKU TV,JVC,tvs,TOTTUS,899.0,599.0,1
"TELEVISOR SMART TV A PRO QLED 43"" 4K UHD GOOGLE TV 2026",XIAOMI,tvs,XIAOMI TIENDA OFICIAL,949.0,799.0,1
"TELEVISOR 75"" QLED 4K 75QD6N GOOGLE TV (2025) SMART TV",Hisense,tvs,FALABELLA,3199.0,1999.0,1
"TELEVISOR 85"" QLED 4K 85T6C GOOGLE TV",TCL,tvs,FALABELLA,4599.0,3199.0,1
"TELEVISOR 65"" QNED AI MINI LED QNED70 4K SMART TV 2026",LG,tvs,FALABELLA,2149.0,1999.0,1
"TELEVISOR 75"" NANO 4K UHD AI NU80 SMART TV 2026",LG,tvs,FALABELLA,2799.0,2099.0,0
TELEVISOR 40'' QLED FHD,Hisense,tvs,TOTTUS,1099.0,569.0,1
"43"" NANO 4K UHD AI NU80 SMART TV 2026",LG,tvs,TOTTUS,1499.0,1099.0,1
"TELEVISOR 43"" QLED FHD GOOGLE TV LT-43KM4584 SMART TV",JVC,tvs,FALABELLA,1099.0,649.0,1
"TELEVISOR 32"" QLED HD GOOGLE TV LT-32KM1584 SMART TV",JVC,tvs,FALABELLA,799.0,399.0,1
"TELEVISOR 58"" QLED PRO 4K GOOGLE TV SMART TV",JVC,tvs,FALABELLA,1799.0,1049.0,1
"TELEVISOR SMART TV 50"" 4K QLED UHD GOOGLE TV LT-50KM758",JVC,tvs,SODIMAC,3339.9,879.9,1
TELEVISOR 65'' MINI LED M70H VISION AI SMART TV (2026),SAMSUNG,tvs,FALABELLA,2299.0,1799.0,1
"TELEVISOR 55"" QLED 4K 55T6C GOOGLE TV",TCL,tvs,FALABELLA,1599.0,1099.0,0
"TELEVISOR 55"" QNED AI MINI LED QNED70 4K SMART TV 2026",LG,tvs,FALABELLA,1999.0,1399.0,0
TELEVISOR 55'' MINI LED M80H VISION AI SMART TV (2026),SAMSUNG,tvs,FALABELLA,1999.0,1699.0,0
"TELEVISOR 75"" QD MINILED 4K GOOGLE TV LT-75KM958 SMART TV",JVC,tvs,FALABELLA,3299.0,2199.0,0
"TELEVISOR 70"" QLED PRO 4K GOOGLE TV LT-70KM858 SMART TV",JVC,tvs,FALABELLA,2999.0,1599.0,0
"TELEVISOR 98"" NANO 4K UHD AI NU85 SMART TV 2026",LG,tvs,FALABELLA,7499.0,5099.0,1
TELEVISOR 75'' MINI LED M70H VISION AI SMART TV (2026),SAMSUNG,tvs,FALABELLA,3099.0,2699.0,1
TELEVISOR 65'' NANO UHD 4K SMART THINKQ AI,LG,tvs,TOTTUS,2299.0,1449.0,1
"TELEVISOR 65"" NANO 4K UHD AI NU80 SMART TV 2026",LG,tvs,FALABELLA,2299.0,1549.0,0
"TELEVISOR 65"" SMART TV CRYSTAL UHD 4K UN65U8000H - NUEVO 2026",SAMSUNG,tvs,ELECTROHOGAR,2999.0,1529.0,1
TELEVISOR 58'' QLED 4K UHD ROKU TV,JVC,tvs,TOTTUS,1599.0,949.0,1
"TELEVISOR 75"" QD MINILED 4K GOOGLE TV LT-75KM958",JVC,tvs,SODIMAC,,4999.9,1
"TELEVISOR 65"" MINILED 4K 65U6ESG SMART TV",Hisense,tvs,FALABELLA,3299.0,1899.0,1
"TELEVISOR 55"" QD MINILED 4K 55A400U PREMIUM SMART TV",TCL,tvs,FALABELLA,2999.0,1899.0,1
"TELEVISOR SMART TV 65"" 4K QLED GOOGLE TV 65T6C",TCL,tvs,SODIMAC,2999.9,1499.9,1
TELEVISOR 40'' QLED FHD ROKU TV,JVC,tvs,TOTTUS,899.0,599.0,1
"TELEVISOR QLED 65"" SMART TV 4K QN65Q6FAAGXPE - NUEVO 2025",SAMSUNG,tvs,ELECTROHOGAR,3999.0,1549.0,1
75'' MINI LED M70H VISION AI SMART TV (2026),SAMSUNG,tvs,TOTTUS,3099.0,2499.0,1
"TELEVISOR 65"" NANO 4K UHD AI SMART TV 65NU800BPSB - 2026",LG,tvs,ELECTROHOGAR,3499.0,1579.0,0
"TELEVISOR 55"" OLED EVO AI C6 4K SMART TV 2026",LG,tvs,FALABELLA,4999.0,3699.0,0
TELEVISOR 65'' QLED UHD 4K,Hisense,tvs,TOTTUS,1899.0,1499.0,1
TELEVISOR 40'' QLED FHD,Hisense,tvs,TOTTUS,1099.0,569.0,1
"43"" NANO 4K UHD AI NU80 SMART TV 2026",LG,tvs,TOTTUS,1499.0,1099.0,1
TELEVISOR 98'' UHD U9500H VISION AI SMART TV (2026),SAMSUNG,tvs,SODIMAC,6899.9,4999.9,1
"TELEVISOR 50"" AI QNED EVO MINI LED 4K SMART TV 50QNED80BSG - 2026",LG,tvs,ELECTROHOGAR,3499.0,1399.0,1
TELEVISOR MINI LED 55 PULGADAS 4K ULTRA HD TIZEN UN55M70HAGXPE,SAMSUNG,tvs,SODIMAC,1999.9,1399.9,1
"TELEVISOR 50"" NANO 4K UHD AI SMART TV 2026 - 50NU800BPSC",LG,tvs,ELECTROMARKET PERU,1799.0,1099.0,1
"TELEVISOR QLED 85 "" 4K ULTRA HD GOOGLE TV LT-85KM958",JVC,tvs,SODIMAC,5999.9,2799.9,1
"TELEVISOR 100"" QD MINILED 4K GOOGLE TV LT-100KM958 SMART TV",JVC,tvs,FALABELLA,9999.0,5399.0,1
"TELEVISOR 55"" QD MINILED 4K 55A400PRO ART TV GOOGLE TV",TCL,tvs,FALABELLA,2699.0,2199.0,0
SMART TV 65 OLED EVO AI C6 4K 2026,LG,tvs,LG TIENDA OFICIAL,6999.0,5299.0,0
TELEVISOR 43 PULGADAS 4K ULTRA HD TIZEN UN43U8000HGXPE,SAMSUNG,tvs,SODIMAC,1399.9,929.9,1
"TELEVISOR 75"" QLED 4K 75P7L GOOGLE TV",TCL,tvs,FALABELLA,3499.0,2399.0,1
TELEVISOR 98 CRYSTAL UHD DU9000 4K TIZEN OS SMART TV (2024),SAMSUNG,tvs,FALABELLA,12999.0,5999.0,0
TELEVISOR 55'' OLED S85H VISION AI SMART TV (2026),SAMSUNG,tvs,FALABELLA,3999.0,3199.0,1
"TELEVISOR 77"" OLED EVO AI C6 4K SMART TV 2026",LG,tvs,FALABELLA,12999.0,9999.0,0
TELEVISOR 83 PULGADAS OLED EVO AI C4 4K SMART TV.,LG,tvs,SICRAM,21999.0,11999.0,0
"65"" OLED AI B6 4K SMART TV 2026",LG,tvs,LG TIENDA OFICIAL,6499.0,4299.0,0
SMART TV 65 OLED EVO AI C6 4K 2026,LG,tvs,LG TIENDA OFICIAL,6999.0,5299.0,0
TELEVISOR 55'' OLED S90H VISION AI SMART TV (2026),SAMSUNG,tvs,FALABELLA,4499.0,3999.0,0
WATCH GOOGLE TV FULL HD STREAMING DEVICE - VPN CONFIGURADO,ONN,tvs,MAXICOMPRA,250.0,149.9,0
"TELEVISOR SMART TV 55"" 4K QLED GOOGLE TV 55C6K",TCL,tvs,SODIMAC,2284.9,1799.0,1
"TELEVISOR 50"" PULG NANO 4K UHD AI SMART TV 50NU800BPSC - MODELO NUEVO",LG,tvs,ZAVITECH,2999.0,1147.0,0
SMART TV 55 OLED AI B6 4K 2026,LG,tvs,LG TIENDA OFICIAL,4099.0,2899.0,0
"TELEVISOR 55"" OLED EVO AI C6 4K SMART TV 2026",LG,tvs,FALABELLA,4999.0,3699.0,0
"TELEVISOR 55"" NEO QLED 4K VISION AI SMART TV QN55QN70FAGXPE - NUEVO 2025",SAMSUNG,tvs,ELECTROHOGAR,5499.0,1749.0,1
"TELEVISOR QLED 65"" SMART TV 4K QN65Q6F - NUEVO 2025",SAMSUNG,tvs,ELECTROHOGAR,3999.0,1549.0,0
TELEVISOR 86 QNED SMART TV 4K THINQ AI 86QNED80ASA,LG,tvs,ELECTROHOGAR,13499.0,4199.0,0
TELEVISOR 65'' QLED 4K UHD ROKU TV,JVC,tvs,TOTTUS,2399.0,1399.0,0
SMART TV 77 OLED EVO AI C6 4K 2026,LG,tvs,LG TIENDA OFICIAL,12999.0,9499.0,0
TELEVISOR SMART TV S MINI LED 65’’ 4K UHD GOOGLE TV 2026,XIAOMI,tvs,XIAOMI TIENDA OFICIAL,2299.0,1999.0,1
"TELEVISOR QLED 40"" FULL HD GOOGLE TV LT-40KB758.",JVC,tvs,SODIMAC,1349.9,579.9,1
"TELEVISOR SMART TV 65"" PULG CRYSTAL UHD 4K UN65U8000FGXPE - MODELO NUEVO",SAMSUNG,tvs,ZAVITECH,3259.0,1629.0,0
"SOPORTE RACK TV 24"" A 65"" FULL MOTION",DDESIGN,tvs,FALABELLA,69.9,59.0,0
TELEVISOR 75'' MINI LED M80H VISION AI SMART TV (2026),SAMSUNG,tvs,FALABELLA,3899.0,3499.0,1
"TELEVISOR 55"" OLED AI B6 4K SMART TV 2026",LG,tvs,FALABELLA,4099.0,2999.0,0
"TELEVISOR SMART TV 65"" CRYSTAL UHD 4K UN65U8000H - NUEVO 2026",SAMSUNG,tvs,VALEDI,3999.0,1529.0,0
"TELEVISOR 65"" HI-QLED UHD 4K 65QD5SV SMART TV",Hisense,tvs,FALABELLA,2299.0,1599.0,0
"TELEVISOR 43"" HI-QLED UHD 4K 43QD5SV SMART TV",Hisense,tvs,FALABELLA,1199.0,899.0,0
TELEVISOR 50'' 4K ULTRA HD TIZEN UN50U8000HGXPE,SAMSUNG,tvs,SODIMAC,1499.9,1099.9,0
"TELEVISOR 55"" QD MINILED 4K GOOGLE TV LT-55KM958 SMART TV",JVC,tvs,SODIMAC,1999.9,1199.9,1
SMART TV 55 OLED AI B6 4K 2026,LG,tvs,LG TIENDA OFICIAL,4099.0,2899.0,0
TELEVISOR INTELIGENTE TV A 65 2026 GOOGLE TV CALIDAD DE IMAGEN UHD 4K,XIAOMI,tvs,XIAOMI TIENDA OFICIAL,1799.0,1599.0,1
50 AI QNED80 MINI LED 4K SMART TV 2026,LG,tvs,LG TIENDA OFICIAL,2099.0,1349.0,0
TELEVISOR MINI LED 65 PULGADAS 4K ULTRA HD TIZEN UN65M70HAGXPE,SAMSUNG,tvs,SODIMAC,2599.9,1699.9,0
SMART TV 55 OLED AI B6 4K 2026,LG,tvs,LG TIENDA OFICIAL,4099.0,2899.0,0
TELEVISOR INTELIGENTE TV A 65 2026 GOOGLE TV CALIDAD DE IMAGEN UHD 4K,XIAOMI,tvs,XIAOMI TIENDA OFICIAL,1799.0,1599.0,1
"RACK TV 23"" A 70"" CON BRAZO SOPORTE",PROLINK,tvs,FALABELLA,129.0,99.0,0
TELEVISOR 32 PULGADAS QLED FHD GOOGLE TV HDR10+ 32S5K + PROMOCIÓN + 12 MESES DE GARANTÍA,TCL,tvs,IMPORTACIONES ESCA,599.0,424.9,0
"TELEVISOR 115"" NEO QLED QN90F VISION AI SMART TV (2025)",SAMSUNG,tvs,FALABELLA,49999.0,47999.0,0
RACK CON BRAZO LCD-TV-23-55+ CABLE HDMI,PROLINK,tvs,FALABELLA,79.0,69.0,0
SMART TV LED 32 HD ROKU TV C32V1HR,CAIXUN,tvs,CAIXUN TIENDA OFICIAL,989.0,369.0,1
"55"" NANO 4K UHD AI NU80 SMART TV 2026",LG,tvs,TOTTUS,1999.0,1249.0,1
TELEVISOR 50'' NANO UHD 4K SMART THINKQ AI,LG,tvs,TOTTUS,1799.0,1279.0,0
SOUNDBAR SERIE B2 CH B400F,SAMSUNG,tvs,SODIMAC,249.9,209.9,1
SOPORTE INCLINABLE 32-80,DDESIGN,tvs,FALABELLA,39.9,35.0,0
"TELEVISOR 55"" LED SMART UHD 4K GOOGLE TV 55V6C",TCL,tvs,RRJ ELECTRONICS SAC,1599.0,979.0,1
"TELEVISOR 75"" NANO 4K UHD AI SMART TV 75NU800BPSB - 2026",LG,tvs,ELECTROHOGAR,4999.0,2149.0,1
"TELEVISOR QLED 75"" SMART TV 4K QN75Q6FA - NUEVO 2025",SAMSUNG,tvs,ELECTROHOGAR,3999.0,2199.0,0
REPRODUCTOR MP3 CON CONEXIÓN BLUETOOTH + MICROSD 32 GB,GENERICO,tvs,CLICK STORE,119.9,99.9,0
PROYECTOR HY300 SMART 4K 1080P ANDROID 11 WIFI BLUETOOTH,OEM,tvs,OFERTEC PERU,299.0,159.0,0
TELEVISOR 65'' MINI LED 4K GOOGLE TV,JVC,tvs,TOTTUS,,1699.0,1
TELEVISOR QLED 75 SMART TV 4K QN75Q6FAAGXPE + TORRE LG,SAMSUNG,tvs,ELECTROSHOP SV,5999.0,3999.0,0
PROYECTOR HY300 PRO+ PORTATIL SMART WIFI MAGISTV ANDROID14 2026,GENERICO,tvs,PLP PERU VENTAS,300.0,169.99,0
PROYECTOR EPIQVISION FH02 CON ANDROID TV SMART FHD 1080P 3LCD,EPSON,tvs,AMPIMO PERU,2100.0,1799.0,0
TELEVISOR SMART TV 55 4K UHD UN55U8000HGXPE,SAMSUNG,tvs,RENOVANDO TU HOGAR,1899.0,1299.0,1
TELEVISOR 55 PULGADAS 4K HDR GOOGLE TV SMART TV 55V6C + PROMOCIÓN + ANTENA DIGITAL + RACK,TCL,tvs,IMPORTACIONES ESCA,1499.0,1059.0,1
"TV 55"" K-55XR80M2 4K OLED ULTRA HD BRAVIA 8 II GOOGLE TV",SONY,tvs,SONY TIENDA OFICIAL,10999.0,7999.0,1
PROYECTOR 4K LS650 ANDROID TV ALCANCE CORTO,EPSON,tvs,IX COMERCIO,8499.0,3999.0,0
PROYECTOR PORTÁTIL SMART EF-22 NEGRO FULLHD,EPSON,tvs,IX COMERCIO,3899.0,2399.0,0
CONVERTIDOR A SMART TV TV BOX S 3RA GEN 4K + CONTROL,XIAOMI,tvs,COOLBOX,349.0,299.0,1
"TELEVISOR 50"" NANO 4K UHD AI NU80 SMART TV 2026",LG,tvs,SODIMAC,1799.9,1199.9,1
"TELEVISOR 85"" RGB MINILED 4K 85UR8SG SMART TV",Hisense,tvs,FALABELLA,11999.0,7999.0,0
"65"" OLED AI B6 4K SMART TV 2026",LG,tvs,LG TIENDA OFICIAL,6499.0,4299.0,0
SMART TV 77 OLED EVO AI C6 4K 2026,LG,tvs,LG TIENDA OFICIAL,12999.0,9499.0,0
ANTENA TV DIGITAL 5M HDTV DECODIFICADORES,INSPIRA MARKET,tvs,INSPIRA MARKET,45.0,12.9,0
TELEVISOR 50 MINI LED UN50M70HAGXPE VISION AI SMART TV 2026,SAMSUNG,tvs,ZAVITECH,2199.0,1199.0,0
55 AI QNED80 MINI LED 4K SMART TV 2026,LG,tvs,LG TIENDA OFICIAL,2499.0,1799.0,0
TELEVISOR 85 PULGADAS PREMIUM QLED MANOS LIBRES UHD 4K 85A400 + PROMOCIÓN + ANTENA DIGITAL,TCL,tvs,IMPORTACIONES ESCA,3999.0,3439.0,0
TELEVISOR SMART TV S MINI LED 65’’ 4K UHD GOOGLE TV 2026,XIAOMI,tvs,XIAOMI TIENDA OFICIAL,2299.0,1999.0,1
"TELEVISOR 55"" SMART TV CRYSTAL UHD 4K UN55U8000H - NUEVO 2026",SAMSUNG,tvs,ELECTROHOGAR,2999.0,1279.0,0
PANTALLA SMART TACTIL 24 PULGADAS CON BASE GIRATORIA 360 PORTATIL PUBLICIDAD RESTAURANTE NEGOCIOS FERIAS,GENERICO,tvs,TIENDA LEDS,4500.0,3999.0,0
GOOGLE TV 4K STREAMING ANDROID FULL APLICACIONES CONTROL DE VOZ,ONN,tvs,TODOTECPERU,229.9,179.9,0
"TELEVISOR QLED 75"" UHD 4K SMART TV 75T6C MODELO 2025 + ANTENA",TCL,tvs,IMPORT  EXPORT DUNCKER,2799.0,1959.0,0
TELEVISOR 75 PULGADAS NANOCELL UHD 4K WEBOS 75NU800BPSB + CONTROL MAGIC + ANTENA DIGITAL (2026),LG,tvs,IMPORTACIONES ESCA,2999.0,2199.0,0
TELEVISOR SMART TV 75 CRYSTAL UHD 4K UN75U8000FGXPE + SOUNDBAR HW-B400,SAMSUNG,tvs,ELECTROHOGAR,4799.0,2299.0,1
"TELEVISOR 32"" HD SMART TV UN32H5000F - NUEVO 2025",SAMSUNG,tvs,ELECTROHOGAR,999.0,519.0,0
"TELEVISOR 85"" QLED PREMIUM A400 UHD GOOGLE TV - 144 HZ",TCL,tvs,SICRAM,7999.0,3599.0,0
TELEVISOR SMART FULL HD 50 PULGADAS QLED 50Q4SV,Hisense,tvs,GRUPO ELECTROPERU S.A.C.,999.0,869.0,0
NUEVO MODELO TELEVISOR 55C6KS 55 4K QD MINI LED GOOGLE TV,TCL,tvs,LINEA CCENTER E.I.R.L,2799.0,1689.0,0
"TELEVISOR THE FRAME 55"" QLED 4K VISION AI SMART TV QN55LS03F - NUEVO 2025",SAMSUNG,tvs,ELECTROHOGAR,5999.0,3099.0,0
NUEVO LED 65 QNED MINI LED UHD 4K CON CONTROL DE VOZ 65QNED65BSA,LG,tvs,LINEA CCENTER E.I.R.L,2499.0,1749.0,0
TELEVISOR SMART TV 65'' QNED UHD 4K 65QNED65BSA 2026 + ANTENA DIGITAL + RACK FIJO,LG,tvs,I & E UNIVISION,2999.0,1885.0,0
"TELEVISOR 32"" SMART TV WEBOS23 THINQ AI 32LR600BPSC",LG,tvs,RENATION YURICO,999.0,578.0,1
"RACK FIJO PARA TV 43"" A 100"" HWM100",PROLINK,tvs,FALABELLA,49.9,39.0,0
FIRE TV STICK 4TA GENERACIÓN 2025 HD STREAMING NEGRO DE VOZ,AMAZON,tvs,MAXICOMPRA,250.0,155.0,0
TELEVISOR 65'' MINI LED M80H VISION AI SMART TV (2026) + SOUNDBAR NEX,SAMSUNG,tvs,ELECTROSHOP LV,3999.0,2699.0,0
"55"" QNED AI MINI LED QNED70 4K SMART TV 2026",LG,tvs,TOTTUS,1999.0,1499.0,1
TELEVISOR 75 UHD 4K SMART TV THINQ AI - 75UA8050PSA,LG,tvs,CORPORACION PORTAL,3299.0,2289.0,0
"TELEVISOR 75"" NANO 75NU800BPSB 4K UHD AI SMART TV 2026",LG,tvs,CORPORACION M & P,4699.0,2259.0,0
TELEVISOR QLED 75 UHD 4K SMART TV 75T6C + SOUNDBAR,TCL,tvs,MERCADOLIBRE JB,2499.0,2249.0,0
TELEVISOR SMART TV S MINI LED 65’’ 4K UHD GOOGLE TV 2026,XIAOMI,tvs,XIAOMI TIENDA OFICIAL,2299.0,1999.0,1
"TELEVISOR 55"" SMART TV CRYSTAL UHD 4K UN55U8000H - NUEVO 2026",SAMSUNG,tvs,ELECTROHOGAR,2999.0,1279.0,0
TELEVISOR 75 PULGADAS NANOCELL UHD 4K WEBOS 75NU800BPSB + CONTROL MAGIC + 2 AÑOS DE GARANTÍA 2026,LG,tvs,IMPORTACIONES ESCA,2999.0,2189.0,0
FIRE TV STICK 4K,AMAZON,tvs,SODIMAC,209.9,189.9,1
"TELEVISOR 55"" SMART TV CRYSTAL UHD 4K UN55U8000H - NUEVO 2026",SAMSUNG,tvs,ELECTROHOGAR,2999.0,1279.0,0
TELEVISOR 55 UHD 4K 2026 + PARLANTE,XIAOMI,tvs,NUEVA ERA TV & AUDIO,1999.0,1629.0,0
SOPORTE PARA TV DE PARED FIJO 24 A 60 - NEGRO,GENERICO,tvs,IMPORTADORA ESN CURSOR,50.0,16.0,0
TELEVISOR 65 NEO QLED 4K VISION AI SMART TV QN65QN70FAGXPE + SOUNDBAR HW B400,SAMSUNG,tvs,ELECTROHOGAR,5999.0,2699.0,0
TELEVISOR 75 4K UHD QNED MINILED NEGRO 75QNED65BSA 2026,LG,tvs,ELECTROSTYLE LYM,4499.0,2549.0,0
"TELEVISOR QLED 55 "" 4K ULTRA HD GOOGLE TV 55A400PRO",TCL,tvs,SODIMAC,2459.9,2199.9,1
TELEVISOR 43'' QLED FHD ROKU TV,JVC,tvs,TOTTUS,999.0,699.0,1
MI TV BOX S 3RA GEN 4K ULTRA HD,XIAOMI,tvs,BG SMART HOME,499.0,329.9,0
TELEVISOR 100'' MINI LED 4K GOOGLE TV,JVC,tvs,TOTTUS,8999.0,5699.0,1
TELEVISOR 43'' QLED FHD ROKU TV,JVC,tvs,TOTTUS,999.0,699.0,1
TELEVISOR 43 NANO 4K UHD AI SMART TV 2026 - 43NU800BPSC,LG,tvs,COMERCIAL RRJ E.I.R.L,1399.0,999.0,0
TELEVISOR 65 QNED MINILED 4K CON AI 65QNED65BSA + RACK,LG,tvs,GRUPO ELECTROPERU S.A.C.,2599.0,1999.0,0
TELEVISOR 55 PULGADAS QD MINILED UHD 4K GOOGLE TV CON MANOS LIBRES 55C6KS + 1 AÑO DE GARANTÍA,TCL,tvs,IMPORTACIONES ESCA,1999.0,1689.0,0
"TELEVISOR JVC 65"" ULTRA HD 4K ANDROID TV LT-65KB557",OEM,tvs,RENATION YURICO,2499.0,1377.0,0
"TELEVISOR 75"" MINI RGB EVO AI 4K SMART TV 2026 75MRGB85BSC",LG,tvs,FALABELLA,6299.0,6099.0,0
SOPORTE PARA TV DE PARED FIJO 24 A 60 - NEGRO,GENERICO,tvs,IMPORTADORA ESN CURSOR,50.0,16.0,0
"TELEVISOR 55"" QD MINILED 4K 55C6K GOOGLE TV 2025",TCL,tvs,VICTORIA ILIMITADA,2999.0,1799.0,0
"PROYECTOR POWERLITE X49, 3600 LÚMENES, XGA",EPSON,tvs,INSUCORP TECNOLOGY,2800.0,2335.0,0
CONTROL REMOTO CON VOZ Y CARGA SOLAR PARA TV SAMSUNG QLED 2023,GENERICO,tvs,COMPUVISION.,199.0,149.0,0
"TELEVISOR 75"" HI-QLED 4K MATE 75QD68SG SMART TV",Hisense,tvs,FALABELLA,3999.0,2299.0,0
TELEVISOR SMART TV S MINI LED 65’’ 4K UHD GOOGLE TV 2026,XIAOMI,tvs,XIAOMI TIENDA OFICIAL,2299.0,1999.0,1
TELEVISOR 32 FHD H5000F SMART TV 2025,SAMSUNG,tvs,ELECTROMARKET PERU,869.0,499.0,0
CABLE THW-90 PLUS 14 AWG 450/750V AZUL 100 METROS,INDECO,tvs,SODIMAC,,181.2,0
COMBO ECRAN TRIPODE 120 + PROYECTOR,GENERICO,tvs,DH INTEGRALES,,910.0,0
RACK MOVIBLE DOBLE BRAZO PARA TV DE 32 HASTA 65 PULGADAS,GENERICO,tvs,VAHEMI,160.0,79.9,0
CONTROL MAGIC ORIGINAL MR24 + FUNDA PROTECTORA ROJO,LG,tvs,ATON PERU,199.0,119.0,1
TELEVISOR 32 SMART TV LED 32LQ600BPSA,LG,tvs,IVANCE ELECTRONIC ONLINE,1699.0,589.0,0
TELEVISOR 32 SMART TV TIZEN UN32H5000FG,SAMSUNG,tvs,CORPORACION PORTAL,1499.0,619.0,0
FUNDA PARA CONTROL LG AKB CUBRE TODO EL CONTROL - NEGRO,CASE,tvs,CONTROLSMART,29.0,22.0,0
CONTROL REMOTO COMPATIBLE PARA SMART TV BGH,GENERICO,tvs,CONTROLSMART,29.0,22.0,0
CONTROL REMOTO CON VOZ QLED MODELO 2024 CARGA SOLAR,GENERICO,tvs,COMPUVISION.,199.0,149.0,0
CONTROL MAGIC MR23 ORIGINAL CON VOZ Y PUNTERO + FUNDA SILICONA GRIS,LG,tvs,COMPUVISION.,199.9,129.0,0
FUNDA DE SILICONA PARA CONTROL GOOGLE CHROMECAST 4 – NEGRO,GENERICO,tvs,CONTROLSMART,29.0,24.0,0
FUNDA PARA CONTROL LG AKB CUBRE TODO EL CONTROL - AZUL,CASE,tvs,CONTROLSMART,39.0,22.0,0
TELEVISOR 40 SMART TV LED FHD 40A4K VIDAA,Hisense,tvs,ELECTRO INNOVA,1599.0,1090.0,0
ANTENA TV DIGITAL HD PARA TV LCD SMART TV DECODIFICADORES,GENERICO,tvs,CLICK AHORROS,60.0,21.5,0
CONTROL REMOTO RM-C3293 PARA TV JVC 4K,GENERICO,tvs,COMPUVISION.,39.9,25.0,0
CONTROLES REMOTO PARA TV BLACKLINE SMART 4K,GENERICO,tvs,COMPUVISION.,39.9,25.0,0
TELEVISOR JVC 40 FHD QLED LT-40KB758 GOOGLE TV,GENERICO,tvs,NUEVA ERA TV & AUDIO,,1499.0,0
TELEVISOR 32 LED SMART TV HD CON THINQ AI 32LQ600BPSA,LG,tvs,LINEA HOGAR.,1299.0,589.0,0
TELEVISOR 32 HD SMART TV THINQ AI 32LR600BPSC,LG,tvs,COMERCIAL RRJ E.I.R.L,999.0,599.0,0
TELEVISOR SMART TV 32 HD 32LR600BPSC CON WEBOS Y AI THINQ 2025,LG,tvs,VICMARK,1199.0,619.0,0
CONTROL REMOTO UNIVERSAL RM-786,MACROTEL,tvs,SODIMAC,,24.9,0
FUNDA PROTECTOR PARA CONTROL SAMSUNG SOLAR NEGRO,CASE,tvs,CONTROL GO,28.0,24.5,0
"RECEPTOR DE AUDIO ADAPTADOR BLUETOOTH V3.0 DE 3,5 MM WIRELESS",OEM,tvs,QATARY IMPORT,29.9,19.9,0
ANTENA DIGITAL TV HD PARA TV LCD SMART TV CON SEÑAL ABIERTA HD,GENERICO,tvs,CLICK AHORROS,60.0,19.9,0
FUNDA DE SILICONA PARA CONTROL REMOTO LG MAGIC 2025 MR25 – PROTECTOR ANTIDESLIZANTE CON CORREA,GENERICO,tvs,MOBILE CONNECT PERU,29.0,19.9,0
CABLE HDMI A HDMI MACHO MACHO MALLADO PREMIUM HD DE 1.5 METROS,SEISA,tvs,INNOVATECHMAN22,25.0,9.89,0
FUNDA PROTECTOR PARA LG MAGIC,CASE,tvs,CONTROL GO,26.0,24.5,0
ADAPTADOR HDMI TO VGA - 1080P - CONVERTIDOR DE VIDEO FULLHD,OEM,tvs,SOLUMATICA,25.0,23.0,0
ADAPTADOR CARPLAY ANDROID AUTO INALAMBRICO NETFLIX YOUTUBE APPS,AUTOTECH,tvs,NANO STOP,369.99,224.97,0
CAPTURADOR VIDEO HDMI USB 3.0 4K WINDOWS MAC LINUX MICRÓFONO,GENERICO,tvs,WILSON GX PERU,85.0,77.0,0
CONTROL MAGIC ORIGINAL MR24 + FUNDA PROTECTORA ROJO,LG,tvs,ATON PERU,199.0,119.0,1
CONTROLES REMOTO PARA TV BLACKLINE SMART 4K,GENERICO,tvs,COMPUVISION.,39.9,25.0,0
TELEVISOR 65 PULG ULTRA HD 4K AI THINQ 65UA7300 MODELO 2025- NEGRO + SOUNDBAR,LG,tvs,ELECTROSHOP SV,3499.0,1849.0,0
CABLE ADAPTADOR ACTIVO DE VGA A HDMI CON AUDIO DE 1.80 MTS FULL HD,GENERICO,tvs,MI TIENDACOM,,120.0,0
ADAPTADOR APPLE CARPLAY Y ANDROID AUTO INALÁMBRICO ORIGINAL,AUTOTECH,tvs,NANO STOP,219.99,98.97,0
TELEVISOR LED 32 HD GOOGLE TV C32K4HG,CAIXUN,tvs,CAIXUN TIENDA OFICIAL,599.0,459.0,0
DISPLAYPORT A HDMI 4K CONVERTIDOR ULTRA DP DISPLAY PORT,GENERICO,tvs,WILSON GX PERU,19.9,18.0,0
CONTROL REMOTO COMPATIBLE C3295 SIN MANDO DE VOZ PARA TV JVC SMART,GENERICO,tvs,COMPUVISION.,39.0,25.0,0
ECRAN PANTALLA PARA PROYECCIÓN TELA 120 PULGADAS BLANCO + FIJADORES,JPSYSTEMS,tvs,JPSYSTEMS,100.0,69.9,1
TARJETA DE CAPTURA 4K S EXTERNA 4K60 HDR10 VRR,ELGATO,tvs,VASIL TECHNOLOGY & SUPPLIERS,1599.0,1299.0,0
TELEVISOR 50 PULG ULTRA HD 4K AI THINQ 50UA7300PSB MODELO 2025- NEGRO,LG,tvs,ZAVITECH,1999.0,1259.0,0
TELEVISOR LED 43 FHD GOOGLE TV C43K4FG,CAIXUN,tvs,CAIXUN TIENDA OFICIAL,1399.0,669.0,0
CONTROLES DE FIRE TV STICK LITE 4K MAX ALEXA CON VOZ,AMAZON,tvs,LA TIENDA DEL CONTROL REMOTO,79.0,45.0,0
CONTROL PARA TV SAMSUNG SMART QLED 4K,UNIVERSAL,tvs,COMPUVISION.,39.9,39.0,0
"TELEVISOR 60"" SMART UHD 4K THINQ AI 60UA8050PSA - NUEVO 2025",LG,tvs,TECNHOGAR MYK,2249.0,1699.0,0
TELEVISOR 65 65UA7300PSB UHD 4K THINQ AI 2025 + SOUNDBAR NEX,LG,tvs,ELECTROSHOP SV,3499.0,1729.0,0
TELEVISOR 43'' FHD,Hisense,tvs,TOTTUS,999.0,579.0,0
TELEVISOR 50 PULG ULTRA HD 4K AI THINQ 50UA7300 MODELO 2025- NEGRO,LG,tvs,VICMARK,1999.0,1259.0,0
PROYECTOR 119W 3LCD WXGA CON DIAL HDMI 4000 LUMENES,EPSON,tvs,INSUCORP TECNOLOGY,4000.0,3149.9,0
CAPTURADORA DE VIDEO HD60 X HDMI 4K60 HDR,ELGATO,tvs,VASIL TECHNOLOGY & SUPPLIERS,1399.0,1099.0,0
TELEVISOR 65 QLED Q8F VISION AI SMART TV 2025 + SOUNDBAR,SAMSUNG,tvs,ELECTROSHOP LV,4499.0,2499.0,0
"TV 75"" K-75S20M2 4K ULTRA HD BRAVIA 2 II GOOGLE TV CON HDR",SONY,tvs,SONY TIENDA OFICIAL,5499.0,4299.0,0
TELEVISOR K-85S30 BRAVIA 3 GOOGLE TV 4K ULTRA HD Y HDR,SONY,tvs,SONY TIENDA OFICIAL,9999.0,5999.0,0
TELEVISOR 32 QLED FULL HD SMART TV 32S5K,TCL,tvs,CITY TEC PERU,899.0,479.0,1
"TELEVISOR SMART TV 65"" 4K UHD AI 65UA7300PSB + AI MAGIC REMOTE 2025",LG,tvs,GRUPO ELECTROPERU S.A.C.,2399.0,1699.0,0
TELEVISOR 43 SMART FULL HD AI 43LR6000PSA + MAGIC REMOTE MR24,LG,tvs,COMERCIAL RRJ E.I.R.L,1799.0,919.0,0
TELEVISOR LED 55 UHD 4K GOOGLE TV C55K4UG,CAIXUN,tvs,CAIXUN TIENDA OFICIAL,1119.0,969.0,0
RACK DE PEDESTAL RODANTE AJUSTABLE PARA TV NORTH BAYOU AVA1800-70-1P,NB NORTH BAYOU,tvs,NB NORTH BAYOU PERU,1100.0,529.0,1
CONTROL MAGIC ORIGINAL MR24 + FUNDA PROTECTORA ROJO,LG,tvs,ATON PERU,199.0,119.0,1
CONTROLES REMOTO PARA TV BLACKLINE SMART 4K,GENERICO,tvs,COMPUVISION.,39.9,25.0,0
"PROYECTOR POWERLITE X49, 3600 LÚMENES, 1024X768",EPSON,tvs,AMPIMO PERU,4500.0,2298.0,0
TV BACKLIGHT 3 LITE LUCES LED PARA TV 55-65 PULGADAS,GOVEE,tvs,URGE,979.9,469.8,0
MAGIC CONTROL MR24 + FUNDA MORADO,LG,tvs,COMPUVISION.,199.0,129.0,0
RACK SOPORTE DE PARED PARA TV GIRATORIO ARTICULADO DOBLE BRAZO NB P6,NB NORTH BAYOU,tvs,NB NORTH BAYOU PERU,190.0,97.0,1
DISPLAYPORT A HDMI 4K CONVERTIDOR ULTRA DP DISPLAY PORT,GENERICO,tvs,WILSON GX PERU,19.9,18.0,0
RACK PARA TV BRAZO UNICO 20.4 CM DE 23 A 43 PULGADAS,GENERICO,tvs,VAHEMI,90.0,49.0,0
- CAPTURADORA DE VIDEO AMPLIGAME V3 FULL HD 4K,FIFINE,tvs,INTECGLOBALPERU,360.0,276.9,1
CABLE HDMI 4K 2.0 ULTRA HD 240HZ 10 METROS 4K,UGREEN,tvs,JUAMPPE,116.0,89.0,0
PROYECTOR PORTÁTIL HY300 SMART 4K ANDROID11 CON WIFI Y BLUETOOTH,GENERICO,tvs,MAXICOMPRA,400.0,165.0,0
CABLE HDMI A HDMI DE 1.80 MTS UHD 8K@60HZ V2.1 - NETCOM,GENERICO,tvs,MI TIENDACOM,,80.0,0
CABLE MICRO HDMI A HDMI DE 3 MTS UHD 4K@60HZ V2.0 - NETCOM,GENERICO,tvs,MI TIENDACOM,,80.0,0
ROLLO CABLE UTP CAT 5E X CAJA SERIE 3050 INTERIOR 305M,DIXON,tvs,WORK SOLUTION COMPANY,229.0,149.0,0
CONTROL PARA TV SMART,TCL,tvs,CONTROL GO,129.0,108.9,0
CONTROLES REMOTO RM-C3295 POR VOZ PARA TV JVC 4K,GENERICO,tvs,COMPUVISION.,149.0,89.0,0
"ADAPTADOR HUB 8 EN 1 A HDMI 60 HZ, RJ45, SD, MICROSD, USB -",BASEUS,tvs,NOVATEC TIENDA ONLINE,259.0,160.0,0
ADAPTADOR RCA A HDMI CONVERSOR CONVERTIDOR CABLE VIDEO 720 1080 P,GENERICO,tvs,WGX,,24.6,0
CABLE HDMI DE 5 MTS UHD 4K@60HZ V2.0 - NETCOM,GENERICO,tvs,MI TIENDACOM,95.0,75.0,0
DVR 8CH HGHI 1 HDD 1080P CON AUDIO,Hikvision,tvs,SEGASURE PERU,,228.0,0
CABLE HDMI 20 METROS TRENZADO CON DOBLE FILTRO FULL HD,GENERICO,tvs,TECINDU,75.0,39.99,0
REPRODUCTOR DVD PLAYER DYNAMIC-MX 1808 HDMI USB CONTROL REMOTO,MAXTRON,tvs,ORLESUR,139.0,129.0,0
CONTROL REMOTO RM-C3293 PARA TV JVC 4K,GENERICO,tvs,COMPUVISION.,39.9,25.0,0
CABLE ADAPTADOR HDMI A VGA 1080P,INSPIRA MARKET,tvs,INSPIRA MARKET,50.0,14.9,0
CENTRALITA TELÉFONO TP-12RM 12 PUERTOS,COMMAX,tvs,SODIMAC,,259.9,0
MAGIC REMOTE MAGIC MR25 ORIGINAL CON VOZ Y PUNTERO PARA TV SERIE IA 2025,LG,tvs,COMPUVISION.,199.0,109.0,0
CONTROL MAGIC 2024 - MR24GN,LG,tvs,IMPORT CASO E.I.R.L.,299.0,119.0,0
HUB 7 EN 1 HDMI 4K 60FPS PARA MACBOOK PRO / AIR / M1,UGREEN,tvs,OSRO,259.99,109.99,0
PROYECTOR HY300 MAX 4K WIFI 1080P BLUETOOTH ANDROID 11,OVOTOUMI,tvs,WATER PE,319.0,159.0,0
"CONTROL REMOTO PARA TV SAMSUNG SMART QLED, CRYSTAL, SERIE 7, 8 ,9",GENERICO,tvs,COMPUVISION.,39.9,29.0,0
ANTENA DIGITAL GRANDE CON SPLITTER PARA DOS TELEVISORES,Easy Corp,tvs,RSTELECOMUNICACIONES,,175.0,0
RACK PARA TV FIJO DE 26 - 63 PULGADAS,GENERICO,tvs,ANKAFA IMPORTACIÓN,55.0,20.9,0
CABLE HDMI 1M - 2M COLORNEGRO,HP,tvs,SODIMAC,,34.9,0
CONTROL PARA ROKU EXPRESS PREMIERE PLUS 4K ULTRA,GENERICO,tvs,COMPUVISION.,49.0,25.0,0
ANTENA TV DIGITAL INTERIOR FULL HD TELEVISIÓN SMART TV Y ANTIGUO,SEISA,tvs,TODATECNOLOGIA,69.0,24.9,0
CONTROL REMOTO CON VOZ QLED MODELO 2024 CARGA SOLAR,GENERICO,tvs,COMPUVISION.,199.0,149.0,0
"RACK TV FIJO ESTATICO NACIONAL 32 A 80"" / NEGRO",PREMIUM,tvs,KREARACK,119.0,64.99,0
CONSOLA RETRO G11 PRO PLUS 128GB VAYAVA MANDOS PS5 RECARGABLES,GENERICO,tvs,BLACK JAGO,400.0,319.99,0
RACK PARA TV LED 26-65″ DOBLE BRAZO CP412.,GENERICO,tvs,CONECTATEF,189.0,94.9,1
EXTENDER HDMI INALÁMBRICO 30 METROS EMISOR Y RECEPTOR VIDEO,GENERICO,tvs,SANTOFA ELECTRONICS,400.0,359.99,1
CONTROL MAGIC MR25GA AI MODELO 2025 - NEGRO,LG,tvs,DREEM,159.0,59.0,0
PROYECTOR HY350 SMART MAGISTV ANDROID11 4K 1080P,OEM,tvs,PLP PERU VENTAS,700.0,540.0,0
CONTROL REMOTO COMPATIBLE RC923V PARA SMART TV TCL SIN VOZ,GENERICO,tvs,COMPUVISION.,49.0,25.0,0
"RACK TV MOVIL BRAZO UN METRO LARGO DE 32 A 85"" / NEGRO",GENERICO,tvs,KREARACK,400.0,279.99,0
ANTENA TELEVISOR TV DIGITAL HD PARA TV LCD SMART TV CON SEÑAL ABIERTA HD,SEISA,tvs,TODATECNOLOGIA,43.7,24.9,0
PROYECTOR PA503X XGA DLP 4000 LUMENES,VIEWSONIC,tvs,ROIS COMPUTER S.A.C.,2529.0,1699.0,0
CONTROL REMOTO PARA SMART TV JVC 4K NUEVO MODELO SIN VOZ RM-C3295,GENERICO,tvs,CONTROLSMART,29.0,24.0,0
MAGIC CONTROL MR24 + FUNDA AZUL,LG,tvs,COMPUVISION.,199.0,129.0,0
TIRA LED INTELIGENTE + CAMARA SENSOR CINTA LUCES RGB TV MONITOR,GENERICO,tvs,WGX,133.0,99.9,0
RACK PARA TV DOBLE BRAZO PARA TV DE 32 A 75 MODELO CP512S.,GENERICO,tvs,CONECTATEF,199.0,109.0,1
REPRODUCTOR DE MP3 64G REPRODUCTOR DE MÚSICA MP4 BLUETOOTH 50,CORRERREY,tvs,TECHHOME PE,289.0,149.0,0
WECAST WIFI DISPLAY HDMI DONGLE MIRACAST DLNA AIRPLAY 1080,GENERICO,tvs,ALICE STORE,100.0,70.0,0
KIT TV SATELITAL PLUS DECODIFICADOR SATWORK 4K PARABOLICA 60CM H265,SAT PCS,tvs,RSTELECOMUNICACIONES,,270.0,0
ADAPTADOR ANDROIDAUTO CARPLAY INALAMBRICO NETFLIX + DISNEY + YOUTUBE,AUTOTECH,tvs,NANO STOP,399.99,279.97,0
CONTROL REMOTO COMPATIBLE CON XIOAMI TV BOX Y XIAOMI TV STICK,GENERICO,tvs,ZEALOTT IMPORTACIONES,99.99,49.99,0
CONTROL REMOTO COMPATIBLE PARA AOC ROKU TV,GENERICO,tvs,CONTROLSMART,29.0,25.0,0
CONTROL REMOTO COMPAIBLE PARA SAMSUNG SMART TV MODO FUTBOL,GENERICO,tvs,CONTROLSMART,29.0,25.0,0
CONTROL REMOTO ORIGINAL PARA SMART TV CON FUNCIÓN DE VOZ,Hisense,tvs,CONTROLSMART,129.0,99.0,0
CONTROLES REMOTO CON VOZ PARA SMART TV ORIGINAL,Hisense,tvs,LA TIENDA DEL CONTROL REMOTO,119.0,99.0,0
CONTROL REMOTO PARA SMART TV ACCESO RÁPIDO Y CONTROL POR VOZ,Hisense,tvs,CONTROLSMART,129.0,99.0,0
BRAZO SOPORTE RACK GIRATORIO DE MONITOR TV 22 A 40 USB NORTH BAYOU G40,NB NORTH BAYOU,tvs,NEO DIGITAL,230.0,146.0,0
CONTROL MAGIC REMOTE MR21 - REEMPLAZO ORIGINAL ACTUALIZADO,LG,tvs,UGO,250.0,139.0,0
PANTALLA ECRAN REFLECTIVA H80-AZ 80 PULGADAS BLANCO,GENERICO,tvs,GRUPO ORANGE,79.9,39.9,0
ANTENA TDT HD EXTERIOR CON MÁSTIL PARA CANALES DIGITALES LIMA Y PROVINCIAS,GENERICO,tvs,GRUPO ORANGE,149.0,79.9,1
HDMI SPLITTER 1X4 2.0 FULL HD 4K MULTIPLICA SEÑAL CONECTA 4 TV,UGREEN,tvs,SANTOFA ELECTRONICS,500.0,259.99,1
CABLE USB 2.0 TIPO B PARA IMPRESORA 3M NEGRO US135 - 10351,UGREEN,tvs,CRONOS CORP,59.0,36.9,0
"CONTROL REMOTO UNIVERSAL PARA GARAGE CLONE 433 MHZ, COD.FIJO",GENERICO,tvs,INDUPARTES CORP,85.0,45.5,0
RACK PLEGABLE PARA TV LCD LED 40-80 DOBLE BRAZO INCLINABLE,SEISA,tvs,TODATECNOLOGIA,160.0,119.0,1
CÁMARA DE SEGURIDAD C400 360° 4MP DOBLE BANDA WIFI,XIAOMI,tvs,XIAOMI PRODUCTS,299.0,169.0,0
CABLE HDMI 8K 60HZ 4K 240HZ 2 MTS TRENZADO 25910,UGREEN,tvs,QUESTTIME,93.0,65.0,0
ANTENA DIGITAL TV FULL HD SEÑAL 360º BASE CON IMÁN TX-T01,SEISA,tvs,COSQO TEC,49.0,29.9,0
CONTROLES DE FIRE TV STICK LITE 4K MAX ALEXA CON VOZ,AMAZON,tvs,LA TIENDA DEL CONTROL REMOTO,79.0,45.0,0
KIT LUCES LED PARA TV RGB CON CÁMARA APP SINCRONIZACIÓN DE PANTALLA Y MODO MÚSICA,SEISA,tvs,COSQO TEC,159.0,124.9,0
"RACK FIJO INCLINABLE PARA TV 26 A 60"" / NEGRO",GENERICO,tvs,KREARACK,99.0,49.99,0
CONTROL REMOTO SMART TV 4K ORIGINAL,Panasonic,tvs,COMPUVISION.,99.0,89.0,0
MULTIGRABADOR EXTERNO DVD - GP65NB60 NEGRO,LG,tvs,ALTATEK,,179.0,0
TV BOX 3RA GEN 4K 2GB RAM 32GB ROM WIFI 6,XIAOMI,tvs,XIAOMI PRODUCTS,429.0,389.0,0
"SOPORTE TV NB P4 ARTICULADO 32 A 55"" ACERO INOXIDABLE",NB NORTH BAYOU,tvs,NB NORTH BAYOU PERU,100.0,52.0,1
CONTROL REMOTO COMPATIBLE C3295 SIN MANDO DE VOZ PARA TV JVC SMART,GENERICO,tvs,COMPUVISION.,39.0,25.0,0
CONTROL REMOTO PARA TV BGH SMART TV LED,GENERICO,tvs,COMPUVISION.,29.9,25.0,0
ANTENA Y SINTONIZADOR Y WIFI PARA TELEVISOR ANTIGUO HD YOUTUBE,B BOX,tvs,RSTELECOMUNICACIONES,,150.0,0
CONTROL REMOTO SAMSUNG CURVO PARA SMART,GENERICO,tvs,COMPUVISION.,39.9,29.0,0
CAPTURADOR DE VIDEO HDMI 4K CAPTURADORA USB 3.0 STREAMER,GENERICO,tvs,WGX,,34.4,0
CONTROL MAGIC MR25GA AI MODELO 2025 - NEGRO,LG,tvs,IVANCE ELECTRONIC ONLINE,329.0,79.0,0
"S5B GIMBAL 3 EJES ESTABILIZADOR PROFESIONAL GRABACIONES, TRANSMISIONES",SEISA,tvs,ELECTRONICS BELLOTA MP,320.0,269.9,1
CONTROL MAGIC MR24GN CON BOTÓN ALEXA Y CHANNELS MODELO 2024,LG,tvs,PAKET,199.0,85.9,0
CONTROL MAGIC MR24GN CON BOTÓN ALEXA Y CHANNELS MODELO 2024,LG,tvs,GETHEX,159.0,85.9,0
"2026 NEW PROYECTOR PORTÁTIL 4K HD, PROYECTOR INTELIGENTE 80 ANSI,WIFI",PUREPOWER,tvs,CREATE BEAUTY LIFE PE,399.0,199.0,0
DISPLAYPORT A HDMI 4K CONVERTIDOR ULTRA DP DISPLAY PORT,GENERICO,tvs,WILSON GX PERU,19.9,18.0,0
CONTROL REMOTO COMPATIBLE CON GOOGLE CHROMECAST CON CONTROL DE VOZ,GENERICO,tvs,ZEALOTT IMPORTACIONES,99.99,49.99,0
CONTROL REMOTO PARA TV SAMSUNG SMART 4K,GENERICO,tvs,COMPUVISION.,39.9,35.0,0
PROYECTOR DALI 1 HD 720P ANDROID TV HIFI BLUETOOTH SPEAKER,WANBO,tvs,BESTOFFERSPERU EIRL,899.0,499.0,1
CONTROL REMOTO PARA CHROMECAST GOOGLE TV 4K HD + FUNDA COLOR NEGRO,GENERICO,tvs,CONTROLSMART,89.0,69.0,0
CONTROL REMOTO BLUETOOTH CON VOZ COMPATIBLE PARA XIAOMI TV P1 ANDROID 4K MODELO XMRM-19,GENERICO,tvs,CONTROLSMART,129.0,69.0,0
CONTROL REMOTO PARA CHROMECAST GOOGLE TV 4K HD + FUNDA COLOR AZUL,GENERICO,tvs,CONTROLSMART,89.0,69.0,0
"CONTROL REMOTO PARA LG TV SMART 3D LED, LCD, PLASMA",GENERICO,tvs,CONTROLSMART,29.0,22.0,0
RACK TV SOPORTE MÓVIL PLEGABLE DE GIRATORIA PARA TV 32 - 55 - NEGRO,GENERICO,tvs,PUNTO SMART,90.0,59.99,0
RACK DE PARED FIJO,TORKE,tvs,TOTTUS,,21.9,0
BRAZO SOPORTE RACK GIRATORIO DE MONITOR COMPUTADORA,GENERICO,tvs,BESTOFFERSPERU EIRL,229.0,119.0,0
ANTENA DE TV DIGITAL SEÑAL DIGITAL TDT PARA TELEVISORES SMART,SEISA,tvs,LATINO,59.0,39.0,0
CONTROL MAGIC MR24GN CON BOTÓN ALEXA Y CHANNELS MODELO 2024,LG,tvs,IVANCE ELECTRONIC ONLINE,299.0,79.0,0
RACK SOPORTE PEDESTAL PARA TV 32 - 65 ALTURA REGULABLE,EXPO RACK,tvs,BODY FLEX,389.0,229.0,0
RACK PARA TV BRAZO UNICO 20.4 CM DE 23 A 43 PULGADAS,GENERICO,tvs,VAHEMI,90.0,49.0,0
"RACK TV SOPORTE MÓVIL PLEGABLE DE 40"" - 80"" 3 GIROS(DOBLE BRAZO)",GENERICO,tvs,PUNTO SMART,200.0,114.99,0
CONTROL MAGIC 2024 - MR24GN,LG,tvs,IMPORTACIONES ELECTRO HOGAR,219.0,129.0,0
CONTROL REMOTO MAGIC MR24 ORIGINAL + FUNDA SILICONA NEGRA,LG,tvs,LA TIENDA DEL CONTROL REMOTO,199.0,129.0,0
ADAPTADOR HUB REVODOK TYPE C 8 EN 1 HDMI DP 4K 60HZ PD CARGA RÁPIDA 100W 10GBPS,UGREEN,tvs,TODATECNOLOGIA,210.0,189.9,0
DVR 4CH 1 HDD HGHI 720P - 1080 LITE CON AUDIO - 220V,Hikvision,tvs,SEGASURE PERU,,178.0,0
CONTROL MÁGICO MR25GA 2025 SMART MÁS FUNDA NEGRO,LG,tvs,CONTROL GO,158.9,95.9,0
FUNDA DE SILICONA NEGRO PARA CONTROL SAMSUNG SOLAR 2023 2024 2025,GENERICO,tvs,CONTROLSMART,29.0,25.0,0
RACK TECHO PLEGABLE PARA TV 17 A 37 PULGADAS / RACK MONTECH - PLOMO,GENERICO,tvs,MONTECH,250.0,225.0,0
CONTROLES REMOTO PARA TV BLACKLINE SMART 4K,GENERICO,tvs,COMPUVISION.,39.9,25.0,0
"RACK PANTOGRAFO PLEGABLE TV DE 32 A 70"" / NEGRO",GENERICO,tvs,KREARACK,199.0,99.99,0
"RACK PARA TV MOVIL PLEGABLE PANTOGRAFO 32 A 70"" / SUPER-50",GENERICO,tvs,KREARACK,200.0,99.99,0
ANTENA HD LCD SMART TV + DECODIFICADOR SINTONIZADOR CANALES DIGITALES,SEISA,tvs,ELECTRONICS BELLOTA MP,120.0,99.0,1
CABLE DISPLAYPORT DP 2.1 16K 240 HZ 80 GBPS 3 METROS HDR,UGREEN,tvs,SANTOFA ELECTRONICS,260.0,129.99,1
RACK PARA TELEVISOR TV LCD LED PARA TECHO RACK METAL SOPORTE TELEVISOR 32 A 75 PULGADAS T560-15,SEISA,tvs,ELECTRONICS BELLOTA MP,120.0,97.9,1
CONTROLES REMOTO AKB75675304 ORIGINAL,LG,tvs,LA TIENDA DEL CONTROL REMOTO,79.0,55.0,0
CONTROL ORIGINAL PARA SMART TV NANO OLED THINQ AKB,LG,tvs,CONTROLSMART,79.9,55.0,0
ANTENA TV DIGITAL TV SMART LCD INTERNA Y EXTERNA FULL HDTV 4K,SEISA,tvs,BELLOTA TECHNOLOGIES S.A.C,30.0,24.9,0
CONTROL MAGIC REMOTE MR23GN MODELO- 2023,LG,tvs,CONTROLSMART,189.9,109.0,0
CONTROLES MAGIC REMOTE MR23 MODELO 2023,LG,tvs,LA TIENDA DEL CONTROL REMOTO,179.0,109.0,0
CONTROL MAGIC REMOTE MR22GN MODELO 2022,LG,tvs,CONTROLSMART,159.0,129.0,0
CONTROL MAGIC REMOTE MR24GA – MODELO 2024,LG,tvs,CONTROLSMART,159.0,109.0,0
MAGIC CONTROL MR24 ORIGINAL,LG,tvs,LA TIENDA DEL CONTROL REMOTO,179.0,109.0,0
CONTROL MAGIC ORIGINAL MR24 + FUNDA PROTECTORA ROJO,LG,tvs,ATON PERU,199.0,119.0,1
CONTROLES REMOTO MAGIC MR24 ORIGINAL,LG,tvs,LA TIENDA DEL CONTROL REMOTO,179.0,109.0,0
CONTROL MAGIC MR23 ORIGINAL CON VOZ Y PUNTERO,LG,tvs,COMPUVISION.,199.9,109.0,0
RACK GIRATORIO DE 32 A 55 UN BRAZO,SUPER RACK,tvs,GROMEX EIRL,149.0,99.0,0
PROYECTOR PORTÁTIL HY300 SMART 4K ANDROID11 CON WIFI Y BLUETOOTH,GENERICO,tvs,TU MEJOR COMPRA,400.0,169.0,0
"RACK PARA TV FIJO ESTATICO 32 A 85"" / NEGRO NACIONAL",GENERICO,tvs,KREARACK,119.0,64.99,0
CABLE JACK 3.5MM MACHO A 3.5MM JACK MACHO DE 1 METRO,GENERICO,tvs,INVERSIONES RAMKO SAC,,14.0,0
CABLE HDMI 2.1V 8K ULTRA HD 3D 3 METROS 4320P PREMIUM 48GBPS HDR- PVC,GENERICO,tvs,SANTOFA ELECTRONICS,120.0,68.6,1
CONTROL UNIVERSAL MR18BA COMPATIBLE PARA TV LG SMART,GENERICO,tvs,CONTROLSMART,49.9,35.0,0
PANTALLA ECRAN TRÍPODE 84 PULGADAS 1.71×1.28M,NEO DIGITAL,tvs,NEO DIGITAL,299.0,225.0,0
"HDMI SPLITER 4K UHD 1 IN, 4 OUT LINEA TEACH",GENERICO,tvs,JAMB ELECTRONICS,80.0,55.0,0
CONVERTIDOR HDMI ARC/EARC A ÓPTICO Y RCA 7.1 CANALES - AY128 NEGRO,RENVMEXY,tvs,MANY ONE PE,213.0,149.0,0
CABLE HDMI 20 METROS TRENZADO CON DOBLE FILTRO FULL HD,SEISA,tvs,SEISA,68.0,35.9,0
DECODIFICADOR SINTONIZADOR DE SEÑAL + ANTENA DIGITAL,SEISA,tvs,BELLOTA TECHNOLOGIES S.A.C,120.0,99.9,1
ANTENA TV DIGITAL HD PARA TV LCD SMART TV DECODIFICADORES,GENERICO,tvs,ANKAFA IMPORTACIÓN,45.0,15.9,0
CABLE USB 2.0 TIPO B PARA IMPRESORA 1M NEGRO US135 - 20846,UGREEN,tvs,CRONOS CORP,49.0,26.0,0
CONTROL REMOTO BN59-01312 PARA TV SAMSUNG SMART CON MANDO DE VOZ,GENERICO,tvs,COMPUVISION.,149.0,89.0,0
CONTROL REMOTO RG94ABGEF PARA AIRE ACONDICIONADO YORK,GENERICO,tvs,COMPUVISION.,149.0,85.0,0
CONTROL REMOTO PARA AIRE ACONDICIONADO LG SPLIT INVERTER,GENERICO,tvs,COMPUVISION.,119.0,59.0,0
RACK MOVIBLE DOBLE BRAZO PARA TV DE 32 HASTA 65,D' KAZA,tvs,D KAZA,140.0,69.0,0
CONTROL REMOTO N2QAYB001008 PARA SMART TV 4K ORIGINAL,Panasonic,tvs,LA TIENDA DEL CONTROL REMOTO,99.0,89.0,0
"CONTROL REMOTO COMPATIBLE PARA SAMSUNG TV QLED CON COMANDO DE VOZ MODELO 2022, 2023",GENERICO,tvs,COMPUVISION.,149.0,89.0,0
CONTROL REMOTO COMPATIBLE PARA LG SMART TV 3D,GENERICO,tvs,CONTROLSMART,29.0,22.0,0
CONTROL REMOTO COMPATIBLE PARA TV SAMSUNG SMART LCD LED 3D,GENERICO,tvs,CONTROLSMART,29.0,25.0,0
RACK BRAZO SOPORTE PARA MONITOR GIRATORIO PANTALLA 17 A 32 PULGADAS PARA ESCRITORIO OFICINA ESTUDIO,GENERICO,tvs,TODATECNOLOGIA,90.0,79.0,0
ANTENA PROFESIONAL PARA LA SEÑAL TDT MODELO L025,GENERICO,tvs,CONECTATEF,69.0,39.9,0
CABLE 8K 3M HDMI V2.1 CERTIFICADO EARC HDR 4K 120HZ HD135 80602,UGREEN,tvs,CRONOS CORP,189.0,109.0,1
TACHO PAR 12 LED MINI RGB DMX CON TRÍPODE,GENERICO,tvs,HANNZO,70.0,22.4,0
ALMOHADILLA HP-EP,Audio Technica,tvs,MAG AUDIO PERU S.A.C,119.0,109.0,0
REPRODUCTOR DE MP3 64G REPRODUCTOR DE MÚSICA MP4 BLUETOOTH 50,CORRERREY,tvs,TECHHOME PE,289.0,149.0,0
ADAPTADOR VGA A HDMI PARA PC CON AUDIO HD 1080P CONVERTIDOR,GENERICO,tvs,INNOVAGER20,50.0,29.0,0
CONTROL REMOTO UNIVERSAL PARATV LG CON VOZ Y PUNTERO 2017-2020,GENERICO,tvs,CONTROLSMART,129.0,85.0,0
CONTROL MAGIC UNIVERSAL MR19 CON PUNTERO Y VOZ LG WEBOS 2019,GENERICO,tvs,CONTROLSMART,129.0,85.0,0
CONTROL REMOTO UNIVERSAL COMPATIBLE CON LG WEBOS 2020 – MR20 CON PUNTERO Y VOZ,GENERICO,tvs,CONTROLSMART,129.0,85.0,0
CONTROL REMOTO LG SPLIT INVERTER - MODELO AKB75215401,GENERICO,tvs,CONTROLSMART,129.0,89.0,0
CONTROL MAGIC UNIVERSAL PARA LG SMART TV WEBOS – COMPATIBLE MR18 – PUNTERO Y VOZ,GENERICO,tvs,CONTROLSMART,129.0,85.0,0
ANTENA DIGITAL PARA LA SEÑAL TDT MODELO L025K.,GENERICO,tvs,CONECTATEF,69.0,39.9,0
CABLE HDMI CERTIFICADO EARC 8K 4K HDR 120HZ HD135 2M - 70321,UGREEN,tvs,CRONOS CORP,149.0,99.0,1
HUB TIPO C 7 EN 1 HDMI USB-C,UGREEN,tvs,OSRO,175.99,99.99,0
ADAPTADOR HUB 6 EN 1 TIPO C USB3.0 HDMI SD/TF WKQX050101,BASEUS,tvs,NEO DIGITAL,199.0,119.0,0
ADAPTADOR USB 3.1 TIPO C A HDMI HEMBRA + USB 3.0 + TIPO C,GENERICO,tvs,LATINO,119.0,85.0,0
SWITCH HDMI INALÁMBRICO 1X3 4K 60HZ CON CONTROL 40234,UGREEN,tvs,MRTECNOLOGIES,,98.0,0
RACK PARA TV SOPORTE MÓVIL PLEGABLE PARA LCD LED SMART 32 55,GENERICO,tvs,ELECTRONICS BELLOTA MP,79.0,49.9,0
CONTROL REMOTO PARA TV JVC SMART LT-50KB608,GENERICO,tvs,COMPUVISION.,29.9,25.0,0
CONTROL REMOTO PARA DECODIFICADOR CLARO HDNUEVO MODELO,GENERICO,tvs,CONTROLSMART,29.0,25.0,0
FUNDA PROTECTORA DE SILICONA PARA CONTROL LG MAGIC MR25 - NEGRO,CASE,tvs,COMPUVISION.,39.0,25.0,0
CONTROL REMOTO PARA HISENSE SMART TV,GENERICO,tvs,CONTROLSMART,29.0,25.0,0
CONTROL REMOTO COMPATIBLE PARA SMART TV TCL RC902V SIN COMANDO DE VOZ,GENERICO,tvs,COMPUVISION.,49.0,25.0,0
FUNDA PROTECTOR DE CONTROL SAMSUNG SOLAR 2024 - CELESTE FORESCENTE,CASE,tvs,COMPUVISION.,29.0,25.0,0
FUNDA PROTECTOR CARCASA PARA CONTROL TCL 2025 ROJO,CASE,tvs,CONTROL GO,34.9,24.9,0
ANTENA TV DIGITAL HD INTERIORES,Easy Corp,tvs,RSTELECOMUNICACIONES,52.0,35.5,0
ADAPTADOR HDMI A VGA 1080P PANTALLA HD MONITOR PANTALLA,GENERICO,tvs,INNOVAGER20,40.0,14.8,0
PROYECTOR HY320 SMART 4K ANDROID 11 WIFI,OEM,tvs,PLP PERU VENTAS,550.0,335.0,0
PROYECTOR ANDROID PORTATIL HY-320 NTV CERTIFICADO,GENERICO,tvs,CALITECH IMPORT,599.0,435.0,1
CABLE HDMI 2.1V 8K ULTRA HD 3D 1 METROS 4320P PREMIUM 48GBPS HDR- PVC,GENERICO,tvs,SANTOFA ELECTRONICS,80.0,45.9,0
CABLE COAXIAL AUDIO DIGITAL RCA MACHO TV AMPLIFICADOR HI-FI 2M,VENTION,tvs,IMPORTA2PERU,50.1,48.8,0
NUEVO CONTROL REMOTO PARA SMART TV WINIA,GENERICO,tvs,CONTROLSMART,29.0,24.0,0
"CONTROL PARA TV SAMSUNG SMART, LED, LCD, PLASMA, 3D",GENERICO,tvs,COMPUVISION.,29.9,24.0,0
"CONTROL REMOTO DE REEMPLAZO PARA FIRE TV STICK 3ERA, LITE 4K 4K MAX",SMART,tvs,CASEMOTIONS SAC,,79.9,0
LENTES DE REALIDAD VIRTUAL VR BOX 360° CONTROL VR BLUETOOTH,GENERICO,tvs,JAEMY IMPORT,180.0,120.0,0
RACK TV DOBLE BRAZO PLEGABLE 32-55,GENERICO,tvs,MAXICOMPRA,99.9,49.9,0
ADAPTADOR SOPORTE DE MANO PARA MICRÓFONO SOLAPERO 1 PAR,GENERICO,tvs,INNOVATECHMAN22,110.0,70.0,0
SOPORTE TV DANES PLUGLED NEGRO,CASA JOVEN,tvs,TOTTUS,,129.0,0
CONTROL REMOTO COMPATIBLE PARA TV SAMSUNG SMART QLED 4K,GENERICO,tvs,CONTROLSMART,59.0,34.0,0
CONTROL CHROMECAST + FUNDA NEGRO + PILAS,GENERICO,tvs,CONTROL GO,99.0,64.9,0
"RACK PARA TV FIJO ESTATICO 26 A 63"" / NEGRO",GENERICO,tvs,ANKAFA IMPORTACIÓN,55.0,22.9,0
CONTROL CHROMECAST + FUNDA AZUL + PILAS,GENERICO,tvs,CONTROL GO,99.0,64.9,0
CONTROLES REMOTO C3363 CON VOZ PARA JVC SMART TV,GENERICO,tvs,COMPUVISION.,99.0,69.0,0
SOPORTE PARA TELÉFONO Y TABLET ST-29,ULANZI,tvs,FOTOPRO,130.0,69.0,0
CABLE SPLITTER HDMI 1X2 FULL HD CONECTA 2 TV PANTALLAS,GENERICO,tvs,WILSON GX PERU,20.0,16.9,0
WATCH GOOGLE TV FULL HD STREAMING 8GB 1.5 GB RAM,ONN,tvs,MRTECNOLOGIES,180.0,169.0,0
"LECTOR DE TARJETAS OTG 2 EN 1 USB-C SD, MICRO SD CM185 - 50706",UGREEN,tvs,CRONOS CORP,129.0,79.0,1
"RACK TV PANTOGRAFO PLEGABLE DE 32 A 70"" / NEGRO",GENERICO,tvs,KREARACK,199.0,99.99,0
CONTROL REMOTO COMPATIBLE PARA TV AOC LED HD,GENERICO,tvs,CONTROLSMART,29.0,25.0,0
"RACK TV CURVO LED PLASMA PANTOGRAFO DE 32 A 70"" PLEGABLE",GENERICO,tvs,KREARACK,200.0,99.99,0
"RACK SOPORTE TECHO PARA TV EN TECHO LED LCD OLED 4K DE 32 A 72"" /",SEISA,tvs,PUNTO SMART,150.0,99.99,0
CONTROL REMOTO PARA DECODIFICADOR,CLARO,tvs,CONTROLSMART,29.0,25.0,0
RACK FIJO CON INCLINACIÓN PARA TV 32 A 70 PULGADAS,D' KAZA,tvs,VAHEMI,,99.0,0
CONTROL MAGIC MR25GA AI 2025,LG,tvs,ZAVITECH,329.0,99.0,0
SWITCH HDMI 4K SELECTOR 3 PUERTOS - PC LAPTOP CONSOLA TV -,BASEUS,tvs,SOLUMATICA PERU,79.0,75.0,0
CABLE ADAPTADOR TIPO C - HDMI 4K CON HDR - 2 METROS,MCDODO,tvs,SOLUMATICA PERU,79.0,75.0,0
RACK PARA TELEVISOR TV LCD LED PARA TECHO RACK METAL SOPORTE TELEVISOR 32 A 75 PULGADAS T560-15,SEISA,tvs,TODATECNOLOGIA,120.0,97.9,1
SOPORTE MONTAJE DE TV MD3152 DE 22” A 65” CON MOVIMIENTO COMPLETO,GENERICO,tvs,ORLESUR,139.0,109.0,0
CONTROL PARA TV JVC SMART,GENERICO,tvs,CONTROL GO,29.0,22.5,0
FUNDA PROTECTOR DE SILICONA PARA CONTROL SAMSUNG CURVO - MORADO,GENERICO,tvs,CONTROLSMART,29.0,20.0,0
CABLE HDMI 4K PREMIUM PUNTA DORADA 10 METROS,SEISA,tvs,GADGET PERU STORE,49.0,39.0,0
DECODIFICADOR TDT + ANTENA UHF CON CONEXIÓN HDMI,GENERICO,tvs,CONTROLSMART,120.0,109.0,0
CONTROL REMOTO COMPATIBLE PARA XIAOMI MI BOX 3RA GENERACION,GENERICO,tvs,COMPUVISION.,99.0,59.0,0
PROTECTOR DE SILICONA DE CONTROL AMAZON FIRE TV STICK - NEGRO,CASE,tvs,COMPUVISION.,,29.0,0
ANTENA HD TV DE SEÑAL ABIERTA TDT,DIGITAL,tvs,LA TIENDA DEL CONTROL REMOTO,49.0,29.0,0
CONTROL REMOTO UNIVERSAL PARA SMART TV Y TV BOX – CON VOZ,GENERICO,tvs,CONTROLSMART,49.0,29.0,0
RACK DE PARED CON INCLINACIÓN,TORKE,tvs,TOTTUS,,25.9,0
CONTROL REMOTO COMPATIBLE PARA SMART TV PHILIPS,GENERICO,tvs,CONTROLSMART,29.0,24.0,0
DECODIFICADOR SINTONIZADOR DE TELEVISIÓN HD EASYBOX T710,B BOX,tvs,RSTELECOMUNICACIONES,,89.0,0
PRESENTADOR INALAMBRICO USB C LASER DIAPOSITIVAS PPT,GENERICO,tvs,FENIX IMPORT PERU,85.0,61.0,0
CABLE HDMI 2.0 4K ULTRA HD 60HZ 2160P PREMIUM 10 METROS,SEISA,tvs,INNOVATECHMAN22,50.0,33.8,0
"RACK TV 2 BRAZOS PLEGABLE LCD SMART CURVO DE 32 A 65 "" / NEGRO",GENERICO,tvs,KREARACK,150.0,89.99,0
"RACK TV 2 BRAZOS PLEGABLE LCD SMART CURVO DE 32 A 65 "" / NEGRO",GENERICO,tvs,KREARACK,150.0,89.98,0
SPLITTER HDMI 1X4 4K 2K 1080P HD MULTIPLICA DUPLICA 4 PANTALLAS,GENERICO,tvs,INNOVAGER20,70.0,39.8,0
RACK 26 A 60 PULGADAS DE TECHO PARA TV COLGANTE O PARED NEGRO,GENERICO,tvs,IMPORTACIONES PUNTO SMART,160.0,79.99,0
RACK SOPORTE TECHO PARA TV EN TECHO LED LCD OLED 4K 26″ A 60″,SEISA,tvs,PUNTO SMART,150.0,79.99,0
PROYECTOR PORTÁTIL HY300 PRO+ BLANCO SMART ANDROID WIFI 6,MAGCUBIC,tvs,TU SMART,499.0,299.0,0
"RACK TV 2 BRAZOS PLEGABLE LCD SMART DE 32 A 65 "" / NEGRO",NACIONAL,tvs,ELECTROSTYLE LYM,149.0,79.0,0
CABLE HDMI A HDMI MACHO MACHO MALLADO PREMIUM FULL HD DE 1.5 METROS,SEISA,tvs,INNOVAGER20,25.0,9.89,0
REPRODUCTOR DE MÚSICA BLUETOOTH MP3 + TARJETA DE MEMORIA DE 64 GB - NEGRO,GENERICO,tvs,HOME HAN BEST PE,149.0,139.0,0
REPRODUCTOR PORTÁTIL PARA VIDEOS MÚSICA GRABADOR DE VOZ RADIO FM Y MÁS,GENERICO,tvs,LA CAJA TECNOLOGICA,90.0,71.9,0
FUNDA CERRADA PARA CONTROL LG MAGIC 2025 – COLOR AZUL,GENERICO,tvs,CONTROLSMART,29.0,25.0,0
FUNDA DE SILICONA AZUL COMPATIBLE PARA CONTROL SAMSUNG SOLAR 2023,GENERICO,tvs,CONTROLSMART,29.0,25.0,0
RACK SOPORTE DE TV DOBLE BRAZO 40 - 80,Pentha,tvs,SWEET BLENDS,145.0,78.9,0
CONTROL REMOTO PARA DECODIFICADOR MOVISTAR -TODO MODELO,GENERICO,tvs,CONTROLSMART,29.9,25.0,0
RACK SOPORTE DE TV DOBLE BRAZO 40 - 80,Pentha,tvs,PENTHA,149.0,79.0,0
FUNDA PROTECTOR CARCASA PARA CONTROL LG MAGIC 2025 MR25 NEGRO,CASE,tvs,CONTROL GO,29.9,24.5,0
FUNDA PROTECTOR CARCASA PARA CONTROL LG MAGIC 2025 MR25 AZUL,CASE,tvs,CONTROL GO,31.9,24.5,0
CONTROL REMOTO PARA SMART TV DAEWOO NUEVO MODELO,GENERICO,tvs,CONTROLSMART,29.0,25.0,0
CONTROL REMOTO PARA TV JVC SMART MODERNO,GENERICO,tvs,COMPUVISION.,39.9,25.0,0
NUEVO CONTROL REMOTO PARA BGH TV 4K SMART Y ACCESOS DIRECTOS,GENERICO,tvs,CONTROLSMART,29.0,25.0,0
CONTROL REMOTO PARA TV PHILIPS SMART TODO MODELO,GENERICO,tvs,COMPUVISION.,39.9,25.0,0
CONTROL PARA DECODIFICADOR DIRECTV,UNIVERSAL,tvs,COMPUVISION.,29.9,25.0,0
CONTROL REMOTO COMPATIBLE PARA SMART TV NEX 4K,GENERICO,tvs,CONTROLSMART,29.0,25.0,0
CONTROLES REMOTO COMPATIBLE C3295 PARA SMART TV JVC 4K,GENERICO,tvs,COMPUVISION.,39.0,25.0,0
CONTROL REMOTO COMPATIBLE PARA TV HISENSE SMART TV 4K NUEVO MODELO,GENERICO,tvs,CONTROLSMART,29.0,25.0,0
CONTROL REMOTO COMPATIBLE PARA JVC ANDROID TV 4K RM-C3293,GENERICO,tvs,LA TIENDA DEL CONTROL REMOTO,39.0,25.0,0
FUNDA PROTECTOR PARA LG MAGIC NEGRO,GENERICO,tvs,CONTROL GO,29.9,24.5,0
CONTROL REMOTO PARA ROKU EXPRESS PREMIERE PLUS 4K ULTRA,GENERICO,tvs,CONTROLSMART,39.0,25.0,0
CABLE MICRO HDMI A HDMI 1.5 METROS ESPIRALADO NETCOM 2.0 4K 60 HZ EARC,GENERICO,tvs,SANTOFA ELECTRONICS,120.0,59.99,1
LUZ LED RECARGABLE DE 6000K 3 COLORES CON 7 CAMBIOS,OEM,tvs,NANOTRON,58.9,49.7,0
ANTENA DIGITAL PARA TV - HDTV INTERNA EXTERNA,GENERICO,tvs,GRUPO IMPORTADOR SASARU,50.0,24.5,0
TELEVISOR LED 60 UHD 4K THINQ AI 60UA8050PSA,LG,tvs,ELECTROSTYLE LYM,2299.0,1599.0,0
ADAPTADOR USB 3.1 TIPO C A HDMI HEMBRA+ USB 3.0 + USB TIPO C,GENERICO,tvs,INNOVATECHMAN22,65.0,29.8,0
CABLE HDMI CERTIFICADO 2.1 8K 60HZ 2METROS,UGREEN,tvs,INTI-SHOP (MP),74.9,59.8,0
ANTENA HDTV PARA TV LCD SMART TV VHF-UHF SEÑAL DIGITAL CABLE 130CM,OEM,tvs,TIENDA MORALITOS,59.9,34.9,0
TELEVISOR 55 4K SMART TV UHD 55UT7300,LG,tvs,TECNHOGAR MYK,,1799.0,0
TELEVISOR SMART TV 43 4K CRYSTAL ULTRA HD UN43U8000FGXPE,SAMSUNG,tvs,ELECTRO INNOVA,2499.0,1049.0,0
CAPTURADORA DE VIDEO USB Y TIPO C 1080P LEMORELE,GENERICO,tvs,NOAMOSO,119.0,59.0,0
TELEVISOR 75 QLED Q7F VISION AI SMART TV 2025,SAMSUNG,tvs,TECNHOGAR MYK,3999.0,3599.0,0
ADAPTADOR MINI DISPLAYPORT A HDMI MACKBOOK MD112 - 40360,UGREEN,tvs,CRONOS CORP,79.0,59.0,0
MINI REPRODUCTOR DE MÚSICA MP3 USB CON TARJETA DE PANTALLA,GENERICO,tvs,PRECIO,100.0,60.0,0
CONTROL MAGIC REMOTE 2024 MR24GN,LG,tvs,CARDENAS,199.0,78.0,0
CONVERTIDOR RCA A HDMI CON AUDIO,GENERICO,tvs,WILSON GX PERU,39.0,24.5,0
CONTROL REMOTO PARA FIRE TV STICK 4K ALEXA CON VOZ,AMAZON,tvs,GALAXIA STORE TECHNOLOGY,90.0,49.0,0
CONTROL HYUNDAI MAGIC UNIVERSAL,GENERICO,tvs,CONTROL GO,45.0,32.5,0
REPRODUCTOR DE MÚSICA PORTÁTIL MP3 - 128GB - PLATEADO,GENERICO,tvs,HOME HAN BEST PE,,189.0,0
TELEVISOR 32 SMART TV LED 32LQ600BPSA,LG,tvs,SEVEN SHOP,1699.0,589.0,0
RACK DE TECHO PARA TV LCD LED OLED 4K COLGANTE O PARED DE 26 A 60 PULGADAS NEGRO,GENERICO,tvs,ELECTRONICS BELLOTA MP,90.0,74.9,0
RACK DOBLE BRAZO DE 42 A 60 PULGADAS,D' KAZA,tvs,IMPORTACIONES KAZZIE,129.9,69.9,0
CONTROL REMOTO PARA SMART TV AOC SERIE U,GENERICO,tvs,CONTROLSMART,29.0,22.0,0
CONTROL FIRE TV STICK AMAZON,GENERICO,tvs,CONTROL GO,58.9,53.9,0
CONTROL MAGIC REMOTE MR24 ORIGINAL 2024,LG,tvs,LINEA HOGAR.,182.0,65.9,0
CONTROL PARA TV LG LCD LED PLASMA SMART 3D,GENERICO,tvs,CONTROLSMART,29.0,20.0,0
TELEVISOR 75 UHD 4K SMART TV THINQ AI 75UA8050PSA 2025,LG,tvs,GRUPO ELECTROPERU S.A.C.,3599.0,2549.0,0
CONTROL PARA SAMSUNG SMART TV BN59 AA59 MODO FUTBOL,GENERICO,tvs,COMPUVISION.,25.9,22.0,0
COMBO ISDB-T Y ANTENA HT TV DIGITAL PARA SINTONIZAR CANALES ABIERTOS,OEM,tvs,BAABYLUU..,129.9,99.9,0
CONTROL MAGIC MR24GN CON BOTÓN ALEXA Y CHANNELS MODELO 2024,LG,tvs,VICMARK,199.0,79.0,0
ANTENA DE TV INTERIOR MODELO SLIM / AMPLIFICADOR DE SEÑAL,GENERICO,tvs,CONECTATEF,99.0,74.9,0
"TV BOX 3RA GEN, 4K ULTRA HD, 32 GB ROM, WIFI 6, GOOGLE TV",XIAOMI,tvs,XIAOMI PRODUCTS,429.0,389.0,0
"RACK PARA TV FIJO ESTATICO 32 A 85"" / NEGRO FP70",GENERICO,tvs,KREARACK,119.0,59.99,0
CONTROL REMOTO COMPATIBLE PARA TV HYUNDAI LED,GENERICO,tvs,CONTROLSMART,29.0,20.0,0
TELEVISOR 65 65UA7300PSB UHD 4K THINQ AI 2025 + SOUNDBAR B450F,LG,tvs,ELECTROSHOP LV,3499.0,2399.0,0
DECODIFICADOR DIGITAL TDT HD SINTONIZADOR TV ALTA DEFINICIÓN,GENERICO,tvs,GRUPO ORANGE,129.9,65.9,0
REPRODUCTOR TOUMI MP3 PRO BLUETOOTH 5.4 3.0 PULGADAS ADMITE MEMORIA,OVOTOUMI,tvs,WATER PE,189.0,106.0,0
SOPORTE RACK PARA TV 32 - 80″ FIJO INCLINABLE ESTABLE VESA,GENERICO,tvs,NOAMOSO,79.0,59.0,0
REPRODUCTOR DE MÚSICA PORTÁTIL MP3 - 32GB - PLATEADO,GENERICO,tvs,HOME HAN BEST PE,,129.0,0
CONVERTIDOR USB 3.0 A HDMI FULL HD 1080P ADAPTADOR,GENERICO,tvs,WILSON GX PERU,59.0,42.9,0
"TELEVISOR SMART TV 55""CRYSTAL UHD 4K UN55U8000FGXPE - NUEVO 2025",SAMSUNG,tvs,ELECTROHOGAR,2599.0,1349.0,0
CONTROL REMOTO MAGIC MR24GN NEGRO,LG,tvs,RTV,,40.0,0
CONTROL REMOTO COMPATIBLE CON MOVISTAR + FUNDA PROTECTORA DE SILICONA NEGRA,GENERICO,tvs,CONTROLSMART,55.0,39.0,0
"FIRE TV STICK 4K ULTRA HD (2° GEN) CON ALEXA VOICE REMOTE, WI-FI 6",AMAZON,tvs,CASEMOTIONS SAC,259.9,199.9,0
CONTROL REMOTO PARA TV BGH SMART TV LED,GENERICO,tvs,CONTROLSMART,29.0,20.0,0
DECODIFICADOR SINTONIZADOR DIGITAL DE TV FULL HD,SEISA,tvs,TODATECNOLOGIA,100.0,69.9,1
HUB ADAPTADOR USB-C 5 EN 1 CONVERTIDOR HDMI 4K RJ45 USB TIPO-C,SEISA,tvs,BELLOTA TECHNOLOGIES S.A.C,60.0,49.9,0
PROYECTOR MULTIMEDIA 4K TV HD CALIDAD SMART ANDROID LED,OEM,tvs,AMAZOM OFERTAS,350.0,269.0,1
ADAPTADOR CONVERTIDOR HDMI A RCA AV 1080P HD PAL NTSC,GENERICO,tvs,CASEMOTIONS SAC,,39.9,0
REPRODUCTOR DE MÚSICA BLUETOOTH MP3 MP4 GRABADORA DE RADIO,GIOIO,tvs,GOOD LIFE23 PE,208.0,119.0,0
HUB USB 2.0 7 PUERTOS MULTIPLICADOR LUZ LED INTERRUPTORES,GENERICO,tvs,INNOVAGER20,35.0,19.8,0
"CONTROL REMOTO TV SAMSUNG QLED SMART, SERIE 7, 8 ,9",UNIVERSAL,tvs,COMPUVISION.,39.9,39.0,0
ADAPTADOR USB 3.1 TIPO C A HDMI+ USB 3.0 + USB COMPATIBLE SWITCH,GENERICO,tvs,TECHNOLOGYMAR19,65.0,49.0,0
TELEVISOR QLED 75 UHD 4K SMART TV 75T6C,TCL,tvs,TECNHOGAR MYK,2999.0,2049.0,0
"CONTROL REMOTO COMPATIBLE PARA TV LG MR22, MR23, MR24",GENERICO,tvs,COMPUVISION.,69.9,39.0,0
CONTROL MAGIC UNIVERSAL PARA TV HYUNDAI WEBOS SMART TV,GENERICO,tvs,COMPUVISION.,59.9,39.0,0
CONTROL MAGIC UNIVERSAL PARA TV BGH WEBOS SMART TV,GENERICO,tvs,LA TIENDA DEL CONTROL REMOTO,59.0,39.0,0
CONTROL REMOTO COMPATIBLE C3295 SIN MANDO DE VOZ PARA TV JVC SMART CON FUNDA PROTECTORA INCLUIDA,GENERICO,tvs,CONTROLSMART,49.0,39.0,0
ADAPTADOR USB 3.1 TIPO C A HDMI+ USB 3.0 + USB COMPATIBLE SWITCH,GENERICO,tvs,INNOVAGER20,65.0,49.0,0
"ADAPTADOR 8 EN 1 USB C A HDMI 4K LAN RJ45, 2XUSB 3.0, PD, USB C, SD TF",VARIOS,tvs,BOOMERS,194.9,48.9,0
TV 32 QLED GOOGLE TV HYLED3259QG,HYUNDAI,tvs,TIENDAS EFE,599.0,479.0,0
REPRODUCTOR DE MÚSICA PORTÁTIL MP3 - 8GB - NEGRO,GENERICO,tvs,HOME HAN BEST PE,,139.0,0
RACK PARA CÁMARA DE SEGURIDAD DOMO 30 CM DE DISTANCIA,SUPER RACK,tvs,LAYDA E.I.R.L,99.0,64.9,0
RACK MOVIBLE PARA TV SOPORTE PLEGABLE DE TELEVISOR DE 26 A 55 PULGADAS,GENERICO,tvs,IMPORTACIONES PUNTO SMART,90.0,49.99,0
"RACK FIJO INCLINABLE PARA TV 26 A 60"" / NEGRO",GENERICO,tvs,KREARACK,99.0,49.99,0
CONTROL PARA TV BGH SMART TV LED,GENERICO,tvs,COMPUVISION.,29.9,25.0,0
CONTROL REMOTO COMPATIBLE PARA TV LCD LED MIRAY,GENERICO,tvs,CONTROLSMART,29.0,25.0,0
"SOPORTE FIJO INCLINABLE PARA TV 26 A 60"" / NEGRO",GENERICO,tvs,KREARACK,99.0,49.99,0
SOPORTE PARED TELEVISOR TV 32 A 55,GENERICO,tvs,GRUPO IMPORTADOR SASARU,40.0,24.79,0
CONTROL AIR MOUSE CON TECLADO O MICROFONO PC SMART TV,GENERICO,tvs,HANNZO,34.9,24.9,0
RACK MÓVIL PARA TV SOPORTE PLEGABLE GIRATORIO LCD LED SMART 32-55,GENERICO,tvs,IMPORTACIONES PUNTO SMART,60.0,49.99,0
HDMI USB 4K CAPTURADOR DE VIDEO TRANSMISIONES PROFESIONALES,SEISA,tvs,SEISA,64.0,33.9,0
TELEVISOR 65 4K SMART TV UHD 65UT7300 + BARRA DE SONIDO,LG,tvs,ELECTROSHOP LV,,3099.0,0
TELEVISOR 50 QLED SMART TV GOOGLE TV 4K UHD 2025 - HYLED5029QFG,HYUNDAI,tvs,RP INVERSIONES,1999.0,1049.0,0
TELEVISOR 65 PULG ULTRA HD 4K AI THINQ 65UA7300 MODELO 2025- NEGRO + SOUNDBAR,LG,tvs,ELECTROSHOP LV,3499.0,1849.0,0
CONTROL MAGIC UNIVERSAL PARA TV LG WEBOS SMART TV,GENERICO,tvs,CONTROLSMART,49.0,35.0,0
CABLE ADAPTADOR HDMI A VGA 1080P,GENERICO,tvs,CLICK AHORROS,50.0,14.9,0
CONTROL UNIVERSAL MR650-2016 TV LG SMART,GENERICO,tvs,CONTROLSMART,49.0,35.0,0
TELEVISOR 65 QNED 4K THINQ AI 65QNED82ASG,LG,tvs,NUEVA ERA ELECTRO TV,3499.0,3299.0,0
"TELEVISOR QLED 65"" VISIÓN AI SMART TV QN65Q7FAAGXPE - NUEVO 2025",SAMSUNG,tvs,VICMARK,3999.0,1929.0,0
HDMI SWITCH 1X3 CON 3 PUERTOS DE SALIDA PARA SEÑAL DE VIDEO,OEM,tvs,TIENDA MORALITOS,69.0,39.9,0
SINTONIZADOR DECODIFICADOR CANAL DIGITAL DE TV INCLUYE YOUTUBE FULL HD,OEM,tvs,BABYLU,109.0,69.9,0
SWITCH HDMI 1X3 FULL HD PARA TRES MONITORES O PANTALLAS,OEM,tvs,QATARY,69.0,39.9,0
QLED SMART 32 PULGADAS CONTROL DE VOZ HYLED3259QG GOOGLE TV,HYUNDAI,tvs,LINEA CCENTER E.I.R.L,599.0,429.0,0
ADAPTADOR CONVERTIDOR DISPLAYPORT DP A HDMI 4K ULTRA HD DP A HDMI,GENERICO,tvs,SANTOFA ELECTRONICS,80.0,39.4,0
TELEVISOR JVC 40 LT-40KB758 FHD QLED GOOGLE TV,GENERICO,tvs,NUEVA ERA ELECTRO TV,1599.0,659.0,0
LED SMART 32 PULGADAS CONTROL DE VOZ HYLED3259QG GOOGLE TV,HYUNDAI,tvs,LINEA CCENTER E.I.R.L,699.0,429.0,0
TELEVISOR 43 PULG ULTRA HD 4K AI THINQ 43UA7300 MODELO 2025,LG,tvs,IVANCE ELECTRONIC ONLINE,1599.0,1129.0,0
